Owner,total_capacity,number_of_plants,number_of_countries,number_of_regions,avg_litpop_value_usd,largest_plant,Latitude,Longitude
ArcelorMittal Nippon Steel India Ltd,86500.0,5,1,1,1028284804.7500484,ArcelorMittal Nippon Steel Anakapalle steel plant,17.407103,82.723183
JSW Steel Ltd,59859.0,5,1,1,390503654.86848414,JSW Steel Gadchiroli steel plant,20.1846793,79.9957641
Steel Authority of India Ltd,57190.0,8,1,1,3249196970.62921,SAIL Bokaro steel plant,23.671677,86.10687
Nippon Steel Corp,53666.0,10,1,1,13035898661.493433,Nippon East Japan Works (Kimitsu) steel plant,35.360912,139.881953
POSCO Holdings Inc,46757.0,2,1,1,,POSCO Gwangyang steel plant,34.920086,127.74865
JFE Steel Corp,34843.0,5,1,1,78559959627.55774,JFE West Japan Works (Fukuyama) steel plant,34.465222,133.431205
Tata Steel Ltd,34830.0,6,2,1,1952889413.1808407,Tata Steel Meramandali steel plant,20.796053,85.260382
Angang Steel Co Ltd,33700.0,3,1,1,17992253793.146187,Angang Steel Co Ltd,41.148267,122.983054
Jindal Steel Limited Ltd,33200.0,5,1,1,374314226.8259558,Jindal Steel Raigarh steel plant,21.922703,83.347178
Cleveland-Cliffs Inc,29109.0,12,2,1,,Cleveland-Cliffs Indiana Harbor steel plant,41.669553,-87.438429
Hyundai Steel Co,26997.0,4,2,2,,Hyundai Steel Dangjin steel plant,36.986282,126.69735
Rizhao Steel Holding Group Co Ltd,23350.0,1,1,1,784949051.4879102,Rizhao Steel Holding Group Co Ltd,35.16535,119.366672
Formosa Ha Tinh Steel Corp,21500.0,1,1,1,,Formosa Ha Tinh Steel plant,18.036333,106.428271
Nucor Corp,21387.0,13,1,1,,Nucor Steel West Virginia steel plant,38.647729,-82.175875
United States Steel Corp,21200.0,6,1,1,,U.S. Steel Gary Works,41.620799,-87.348266
Dexin Steel Pte Ltd,21000.0,1,1,1,,Dexin Steel Morowali plant,-2.829514,122.174896
Wuhan Iron and Steel Co Ltd,20907.0,2,2,1,13274108766.720098,Wuhan Iron and Steel Co Ltd,30.616222,114.444975
Maanshan Iron & Steel Co Ltd,20800.0,1,1,1,14161932205.740225,Maanshan Iron and Steel Co Ltd,31.698884,118.468194
Jiangsu Shagang Iron & Steel Co Ltd,20585.0,1,1,1,5778523153.580064,Jiangsu Shagang Iron & Steel Co Ltd,31.983146,120.638992
Baoshan Iron & Steel Co Ltd,19800.0,1,1,1,72345769161.90762,Baoshan Iron and Steel Co Ltd Headquarters,31.41623,121.440087
Jindal Steel Odisha Ltd,19200.0,1,1,1,322827125.6345241,JSOL Angul steel plant,20.874713,84.944082
ArcelorMittal SA,18100.0,6,5,4,490816268.93993175,ArcelorMittal Gent steel plant,51.169929,3.804462
JSW Steel Ltd; POSCO Holdings Inc,18000.0,1,1,1,165319279.8517694,JSW POSCO Keonjhar steel plant,20.248632,86.156416
Inner Mongolia BaoTou Steel Union Co Ltd,17705.0,1,1,1,563557793.4713724,Inner Mongolia BaoTou Steel Union Co Ltd,40.647997,109.740898
Rungta Mines Ltd,17469.0,5,1,1,307628533.1210734,Rungta Mines Dhenkanal steel plant,20.764524,85.299318
Guangxi Shenglong Metallurgical Co Ltd,16983.0,1,1,1,954514098.9683073,Guangxi Shenglong Metallurgical Co Ltd,21.687637,108.412344
Hunan Valin Lianyuan Iron and Steel Co Ltd,16250.0,2,1,1,4608518568.66061,Hunan Valin Lianyuan Iron and Steel Co Ltd,27.747782,111.967343
Bengang Steel Plates Co Ltd,14940.0,1,1,1,10302505895.931911,Bengang Steel Plates Co Ltd,41.274132,123.722099
Magnitogorskiy Metallurgicheskiy Kombinat PJSC,14500.0,1,1,1,,Magnitogorsk Iron and Steel Works,53.427593,59.054122
Hoa Phat Dung Quat Steel JSC,14499.0,1,1,1,,Hoa Phat Dung Quat steel plant,15.37768,108.793321
Novolipetsk Steel PJSC,14400.0,1,1,1,,NLMK Lipetsk steel plant,52.557372,39.629574
Baosteel Zhanjiang Iron & Steel Co Ltd,14328.0,1,1,1,1178377706.3453572,Baosteel Zhanjiang Iron and Steel Co Ltd,21.056035,110.48657
Acciaierie d'italia SpA,13800.0,1,1,1,,Acciaierie d'Italia Taranto steel plant,40.508993,17.207589
Shougang Jingtang United Iron & Steel Co Ltd,13700.0,1,1,1,102371633.8710309,Shougang Jingtang United Iron and Steel Co Ltd,38.953664,118.50339
ArcelorMittal Atlantique et Lorraine SAS,13650.0,2,1,1,,ArcelorMittal Dunkerque steel plant,51.041274,2.292948
JSW Utkal Steel Ltd,13500.0,1,1,1,105160684.6244372,JSW Utkal Steel Rajnagar plant,20.216667,86.55
Tata Steel Ijmuiden BV,13500.0,1,1,1,,Tata Steel IJmuiden steel plant,52.484118,4.615584
SSAB AB,13013.0,3,2,1,,SSAB Raahe steel plant,64.651111,24.418544
JSW Green Steel Ltd,13000.0,1,1,1,5087801.004416001,JSW Green Steel Salav plant,18.530853,72.947091
Mobarakeh Steel Co,13000.0,4,1,1,,Mobarakeh Steel Complex Isfahan,32.244,51.4263
Steel Dynamics Inc,12662.0,6,1,1,,Steel Dynamics Columbus plant,33.44758,-88.572683
Liuzhou IRON&STEEL Co Ltd,12558.0,1,1,1,21236255107.045433,Liuzhou Iron and Steel Co Ltd Liuzhou Base,24.385304,109.37963
Shanxi Taigang Stainless Steel Co Ltd,12460.0,1,1,1,24668432523.352684,Shanxi Taigang Stainless Steel Co Ltd,37.931488,112.539321
Jingye Iron and Steel Co Ltd,12400.0,1,1,1,310050323.594974,Jingye Iron and Steel Co Ltd,38.391372,114.139998
Shandong Iron and Steel Co Ltd,12340.0,2,1,1,1184398291.2950804,Shandong Iron and Steel Co Ltd Laiwu Branch Xinxing Road,36.088504,117.850479
Severstal PJSC,12201.0,1,1,1,,Severstal Cherepovets steel plant,59.143998,37.86295
Benxi Beiying Iron & Steel (GROUP) Co Ltd,12116.0,1,1,1,423489077.5911907,Benxi Beiying Iron and Steel Group Co Ltd Beitai Town,41.224814,123.608374
Xinyu Iron & Steel Corp Ltd,12001.0,1,1,1,7022275672.93845,Xinyu Iron and Steel Group Co Ltd,27.786859,114.921595
Panhua Group Co Ltd,12000.0,2,1,1,,Panhua Group Mindanao steel plant,8.526666,124.755711
SteelAsia Manufacturing Corp,11900.0,7,1,1,,SteelAsia Lemery steel plant,13.916094,120.886414
HBIS Laoting Steel Co Ltd,11500.0,1,1,1,658638310.9064554,Hbis Laoting Steel Co Ltd,39.257823,119.033567
China Steel Corp,11500.0,1,1,1,,China Steel Xiaogang steel plant,22.555442,120.349252
Evraz ZSMK JSC,11042.0,1,1,1,,Evraz ZSMK steel plant,53.88618,87.257618
Lianfeng Steel (Zhangjiagang) Co Ltd,10800.0,1,1,1,3289812339.6058364,Lianfeng Steel Zhangjiagang Co Ltd,31.855205,120.730505
Gansu Jiu Steel Group Hongxing Iron and Steel Co Ltd,10595.0,1,1,1,7871975322.062651,Gansu Jiu Steel Group Hongxing Iron and Steel Co Ltd,39.812121,98.295555
Shaanxi LONG MEN IRON&STEEL Co Ltd,10550.0,1,1,1,1050556946.8883605,Shaanxi Longmen Steel Co Ltd,35.618466,110.575788
Qian'an City Jiujiang Wire Co Ltd,10537.0,1,1,1,1205952791.2560177,Qian an Jiujiang Wire Co Ltd,39.952209,118.559444
Baldota Steel and Power Ltd,10500.0,1,1,1,185356174.34875867,Baldota Koppal steel plant,15.332616,76.206778
Yunnan Yuxi Iron and Steel Group Yukun Iron and Steel Co Ltd,10342.0,1,1,1,932314590.9645125,Yunnan Yuxi Iron and Steel Group Yukun Iron and Steel Co Ltd,24.465884,102.543682
Government of North Korea,10252.0,4,1,1,,Kim Chaek Iron and Steel Complex steel plant,41.753784,129.752681
Liberty Steel Group,10234.0,6,4,2,,Liberty Steel Dunaferr Dunaújváros steel plant,46.945694,18.93863
Hüttenwerke Krupp Mannesmann GmbH,10200.0,1,1,1,,Hüttenwerke Krupp Mannesmann (HKM) steel plant,51.371279,6.72331
ArcelorMittal South Africa Ltd,10177.0,3,1,1,,ArcelorMittal Vanderbijlpark Steel Works,-26.657367,27.82231
Hebei Donghai SPECIAL Steel Group Co Ltd,10001.0,1,1,1,1222250055.6719754,Hebei Donghai Special Steel Co Ltd,39.610605,118.474722
JSW Jharkhand Steel Ltd,10001.0,1,1,1,22085261.29316944,JSW Steel Jharkhand steel plant,23.188108,85.715097
Nanjing Iron & Steel Co Ltd,10000.0,1,1,1,11508667093.45597,Nanjing Iron and Steel Co Ltd,32.200797,118.746315
Hebei Xinwuan Iron and Steel Group Co Ltd,10000.0,1,1,1,,Hebei Xin Wu an Steel Malaysia plant,3.586453,113.359851
Alliance Steel (M) Sdn Bhd,10000.0,1,1,1,,Alliance Steel Kuantan plant,4.007595,103.344458
Tianjin Teda Investment Holdings Co Ltd; DELONG Steel Ltd,10000.0,1,1,1,,TEDA Delong Saudi Arabia steel plant,25.0,45.0
JSW Bengal Steel Ltd,10000.0,1,1,1,178521520.3246137,JSW Bengal Steel Salboni plant,22.575726,87.310258
Hebei Yanshan Iron and Steel Group Co Ltd,9990.0,1,1,1,4245679723.9297485,Hebei Yanshan Iron and Steel Group Co Ltd,39.925508,118.672757
Shandong IRON&STEEL Group Rizhao Co Ltd,9800.0,1,1,1,784949051.4879102,Shandong Iron and Steel Group Rizhao Co Ltd,35.188969,119.383723
Tangshan Ganglu Iron & Steel Co Ltd,9751.0,1,1,1,392661136.5966965,Tangshan Ganglu Iron and Steel Co Ltd,40.183913,118.073913
Beijing Shougang Co Ltd,9600.0,1,1,1,1205952791.2560177,Shougang Qian an Iron and Steel Co Ltd,39.976702,118.558788
Usinas Siderurgicas de Minas Gerais SA,9500.0,2,1,1,,Usiminas Ipatinga steel plant,-19.491277,-42.544253
Neelachal Ispat Nigam Ltd,9500.0,1,1,1,864289310.3874147,Neelachal Ispat Nigam steel plant,20.998641,86.019102
Xuan Thien Group JSC,9500.0,2,1,1,,Xuan Thien Nam Dinh steel plant,20.439025,106.162134
ArcelorMittal Brasil SA,9446.0,6,1,1,,ArcelorMittal Pecém steel plant,-3.585917,-38.858932
ArcelorMittal Dofasco GP,9150.0,1,1,1,,ArcelorMittal Dofasco steel plant,43.269255,-79.804858
Tangshan Donghua Iron & Steel Enterprise Group Co Ltd,9100.0,1,1,1,438464931.03294915,Tangshan Donghua Iron and Steel Enterprise Group Co Ltd,39.468366,118.256774
Zenith Steel Group Co Ltd,9010.0,1,1,1,18149919723.49238,Zenith Steel Group Co Ltd,31.707656,120.079591
Thyssenkrupp Steel Europe AG,9000.0,1,1,1,,ThyssenKrupp Steel Duisburg steel plant,51.491649,6.733051
SGIS Songshan Co Ltd,8698.0,1,1,1,2904267538.2436757,Guangdong Zhongnan Iron & Steel Co Ltd,24.708232,113.635898
Quzhou Yuanli METAL Products Co Ltd,8450.0,1,1,1,1274727897.9611301,Quzhou Yuanli Metal Products Co Ltd,28.893407,118.867125
Chongqing Iron & Steel Co Ltd,8400.0,1,1,1,3087923383.6047015,Chongqing Iron and Steel Co Ltd,29.790253,107.040368
Guangxi Iron and Steel Group Co Ltd,8400.0,1,1,1,226557645.65927386,Guangxi Iron and Steel Group Co Ltd Fangchenggang Iron & Steel Base,21.580723,108.400896
Jiangyin Xingcheng SPECIAL Steel Works Co Ltd,8381.0,1,1,1,4429745806.121701,Jiangyin Xingcheng Special Steel Works Co Ltd,31.950191,120.328449
Jincheng FUSHENG Iron & Steel Co Ltd,8360.0,1,1,1,981005265.3164757,Jincheng Fusheng Iron and Steel Co Ltd,35.662985,112.882395
Iskenderun Demir ve Celik AŞ,8300.0,1,1,1,,Isdemir Payas steel plant,36.735672,36.204581
Tata Steel UK Ltd,8200.0,1,1,1,,Tata Steel Port Talbot steel plant,51.577368,-3.783013
Shandong Iron & Steel Group Yongfeng Lingang Corp,8150.0,1,1,1,238915176.01580334,Shandong Iron and Steel Group Yongfeng Lingang Co Ltd,35.137061,119.068319
Chengyu Vanadium & Titanium Technology Co Ltd,8050.0,1,1,1,69319122.10205877,Chengyu Vanadium and Titanium Technology Co Ltd,29.732143,104.504339
WISCO Group Kunming Steel Co Ltd,8026.0,2,1,1,401331048.2710037,WISCO Group Kunming Steel Co Ltd New District Branch,24.953261,102.378082
Fujian Hengwang Investment Co Ltd,8000.0,2,1,1,,Fujian Hengwang Shymkent steel plant,42.3375414,69.7356008
PT Krakatau Steel (Persero) Tbk,8000.0,1,1,1,,Krakatau Steel Cilegon plant,-6.007021,106.001766
Chengde Street Ltd,8000.0,1,1,1,896245650.7992102,Chengde Iron and Steel Group Co Ltd,40.947707,117.719747
Jindal Stainless Ltd,7999.0,3,1,1,3568032814.4749894,Jindal Stainless Maharashtra steel plant,19.314475,72.976623
ArcelorMittal Kryvyi Rih PJSC,7998.0,1,1,1,,ArcelorMittal Kryvyi Rih steel plant,47.874411,33.392993
Fujian Sanbao Steel Co Ltd,7956.0,1,1,1,1437201755.3926136,Fujian Sanbao Steel Co Ltd,24.635769,117.603677
Kobe Steel Ltd,7791.0,2,1,1,34081805321.518963,Kobe Kakogawa Works steel plant,34.720268,134.826275
Hebei Zongheng Group Fengnan Iron & Steel Co Ltd,7700.0,1,1,1,452880777.8970651,Hebei Zongheng Group Fengnan Iron and Steel Co Ltd,39.222566,118.094201
Jiangsu Province Binxin Steel Group Co Ltd,7650.0,1,1,1,3627723888.232499,Jiangsu Binxin Steel Group Co Ltd,35.09556,119.279989
ArcelorMittal Poland SA,7601.0,2,1,1,,ArcelorMittal Dąbrowa Górnicza steel plant,50.342417,19.285037
Voestalpine Stahl GmbH,7600.0,1,1,1,,Voestalpine Stahl Linz steel plant,48.274023,14.33434
Jindal Shadeed Iron & Steel LLC,7600.0,2,1,1,,Jindal Shadeed Iron & Steel Duqm plant,19.640299,57.677866
Shanghai Meishan Iron & Steel Co Ltd,7600.0,1,1,1,3051454698.510215,Shanghai Meishan Iron and Steel Co Ltd,31.902969,118.61667
Esfahan Steel Co,7530.0,1,1,1,,Esfahan Steel Isfahan plant,32.418304,51.331314
Cangzhou China Railway Equipment Manufacturing Materials Co Ltd,7500.0,1,1,1,477468708.0493724,Cangzhou China Railway Equipment Manufacture Material Co Ltd,38.289221,117.814367
Action Ispat and Power Pvt Ltd,7500.0,1,1,1,645075019.3542067,Action Ispat and Power Jharsuguda steel plant,21.839759,83.982227
ArcelorMittal Tubarão Comercial SA,7500.0,1,1,1,,ArcelorMittal Tubarão steel plant,-20.253447,-40.242298
Shaanxi Iron and Steel Group Co Ltd,7500.0,1,1,1,,Shaanxi Iron and Steel Indonesia plant,-3.404326,105.409279
DeAcero SAPI de CV,7500.0,2,1,1,,DEACERO Celaya steel plant,20.518556,-100.925556
PT Gunung Raja Paksi Tbk,7500.0,3,1,1,,Gunung Raja Paksi West Java steel plant,-6.282658,107.117683
Jindal Steel Chhattisgarh Ltd,7500.0,1,1,1,454682852.3366098,Jindal Steel Chhattisgarh steel plant,21.895041,83.376759
Algoma Steel Group Inc,7400.0,1,1,1,,Algoma steel plant,46.518984,-84.374068
Lingyuan Iron & Steel Co Ltd,7350.0,1,1,1,1351875952.0510519,Lingyuan Iron and Steel Co Ltd,41.271048,119.41374
Zaporiz'kyi Metalurhiinyi Kombinat Zaporizhstal' PJSC,7302.0,1,1,1,,Metinvest Zaporizhstal steel plant,47.86838,35.161773
Baosteel Group Xinjiang Bayi Iron & Steel Co Ltd,7300.0,1,1,1,931469524.817334,Baosteel Group Xinjiang Bayi Iron and Steel Co Ltd,43.852147,87.304639
Rashtriya Ispat Nigam Ltd,7300.0,1,1,1,4255549611.1018696,RINL Vizag Steel plant,17.612846,83.191918
Hebei Anfeng Iron & Steel Co Ltd,7100.0,1,1,1,301142693.52749974,Hebei Anfeng Iron and Steel Co Ltd,39.65849,118.894804
ArcelorMittal Méditerranée SAS,7100.0,1,1,1,,ArcelorMittal Méditerranée Fos sur Mer steel plant,43.43283,4.887166
Salzgitter Flachstahl GmbH,7100.0,1,1,1,,Salzgitter Flachstahl steel plant,52.161794,10.409371
Liberty Galati SA,7100.0,1,1,1,,GFG Liberty Galati steel plant,45.434119,27.976244
Nová Huť sro,7100.0,1,1,1,,Nová Hut Ostrava steel plant,49.792139,18.309875
Qinhuangdao Hongxing Iron & Steel Co Ltd,7050.0,1,1,1,853581286.6142415,Qinhuangdao Hongxing Iron and Steel Co Ltd,39.700721,118.871477
ESL Steel Ltd,7000.0,1,1,1,1365011682.389793,Electrosteel Bokaro steel plant,23.632907,86.293671
Hebei Xinda Iron and Steel Co Ltd,7000.0,1,1,1,796505445.106471,Hebei Xinda Iron and Steel Group Co Ltd,39.898362,118.579364
Shanxi Liheng Iron and Steel Co Ltd,7000.0,1,1,1,747390169.8949468,Shanxi Liheng Steel Co Ltd,35.701541,111.42671
Gerdau Ameristeel Corp,6945.0,8,2,1,,Gerdau Midlothian Steel Mill,32.457544,-97.034246
Ternium México SA de CV,6930.0,4,1,1,,Ternium Pesquería steel plant,25.743837,-99.965278
Shiheng SPECIAL Steel Group Co Ltd,6860.0,1,1,1,1341653440.6361408,Shiheng Special Steel Group Co Ltd,36.229201,116.533981
TANG Shan Iron and Steel Group Co Ltd,6840.0,1,1,1,39795139194.13621,Tangshan Iron and Steel Group Co Ltd,39.648587,118.212487
Sansteel Minguang Co Ltd Fujian,6799.0,1,1,1,3154692864.404899,Sansteel Minguang Co Ltd Fujian plant,26.261109,117.614709
Welspun Corp Ltd,6688.0,1,1,1,786684238.6823866,Welspun Metallics Anjar Steel plant,23.112781,70.0866885
Tianjin Iron and Steel Group Co Ltd,6650.0,1,1,1,7120436820.791538,Tianjin Iron and Steel Group Co Ltd,39.031083,117.499246
Henan Jiyuan Iron & Steel (Group) Co Ltd,6638.0,1,1,1,3421395276.0751696,Henan Jiyuan Iron and Steel Group Co Ltd,35.086396,112.553774
Baosteel Desheng Stainless Steel Co Ltd,6630.0,1,1,1,53661889.35483706,Baosteel Desheng Stainless Steel Co Ltd,26.48747,119.654461
MK Azovstal' PrAT,6600.0,1,1,1,,Azovstal Iron and Steel Works,47.094724,37.596862
Zenith Steel Group (Nantong) Co Ltd,6600.0,1,1,1,1230988127.1191046,Zenith Steel Group Nantong Co Ltd,32.133954,121.513173
Yunnan Yuxi Xianfu Iron and Steel (Group) Co Ltd,6580.0,1,1,1,20949106.01836089,Yunnan Yuxi Xianfu Iron and Steel Group Co Ltd,24.012309,102.186364
ArcelorMittal España SA,6500.0,2,1,1,,ArcelorMittal Asturias (Aviles) steel plant,43.554741,-5.87259
ArcelorMittal México SA de CV,6500.0,1,1,1,,ArcelorMittal Lázaro Cárdenas steel plant,17.930688,-102.201498
Tianjin Iron PLANT Co Ltd,6460.0,1,1,1,1279452525.6709294,Tianjin Iron Plant,36.58967,113.745792
Changzhou Dongfang Special Steel Co Ltd,6420.0,1,1,1,1518567272.309646,Changzhou Eastern Special Steel Co Ltd,31.602554,119.724256
Shanxi Jinnan Iron and Steel Group Co Ltd,6400.0,1,1,1,162446633.34105244,Shanxi Jinnan Iron and Steel Group Co Ltd,35.678541,111.51465
British Steel Ltd,6400.0,2,1,1,,British Steel Scunthorpe plant,53.580827,-0.616509
Companhia Siderúrgica Nacional SA,6251.0,1,1,1,,CSN Volta Redonda steel plant,-22.512631,-44.11287
Fujian Great Dong Hai Industrial Group Co Ltd,6227.0,1,1,1,548350467.9412751,Fujian Dadonghai Industrial Group Co Ltd plant,25.737777,119.592239
Tosyali Ironsteel Industry Algerie SpA,6200.0,1,1,1,,Tosyali Algerie Oran steel plant,35.770912,-0.263031
Tokyo Steel Manufacturing Co Ltd,6154.0,4,1,1,18429753186.74529,Tokyo Steel Tahara plant,34.702012,137.249114
Dragon Steel Corp,6081.0,1,1,1,,Dragon Steel Taichung steel plant,24.226897,120.493911
Guangxi Guixin Steel Group Co Ltd,6050.0,1,1,1,90031801.82740928,Guangxi Guixin Iron and Steel Group Co Ltd,23.978962,111.735523
Big River Steel LLC,6022.0,1,1,1,,U.S. Steel Big River Steel plant,35.644264,-89.941659
Saudi Iron and Steel Co,6000.0,1,1,1,,SABIC Hadeed Al Jubail steel plant,27.018411,49.576356
PT Krakatau Posco,6000.0,1,1,1,,KS Posco Cilegon steel plant,-5.998661,105.99866
Xuanhua Iron and Steel Group Co Ltd,6000.0,1,1,1,1534319950.0774214,Xuanhua Iron and Steel Group Co Ltd,40.589591,115.090889
Qazaqstan Steel Group LLP,6000.0,1,1,1,,Qarmet steel plant,50.031766,72.994863
Hebei Bishi Industry Group Co Ltd,6000.0,1,1,1,,Hebei Bishi Central Java steel plant,-6.896426,110.220286
Uttam Galva Ferous Ltd,6000.0,1,1,1,354990517.4078579,Uttam Galva Ferrous Bellary steel plant,15.184613,76.824905
NMDC Steel Ltd,6000.0,2,1,1,166213907.73032075,NMDC Karnataka steel plant,15.186288,76.916591
Toscelik Profil ve Sac Endustrisi AS,6000.0,2,1,1,,Toscelik Iskenderun steel plant,36.687943,36.214871
Tosyalı Holding AŞ,6000.0,2,2,2,,Tosyali Ras Al Khair steel plant,27.544525,49.205538
Handan Iron and Steel Group Co Ltd,5952.0,1,1,1,34430628965.986046,Handan Iron and Steel Group Co Ltd,36.601308,114.439889
AG der Dillinger Hüttenwerke AG,5910.0,1,1,1,,AG der Dillinger Hüttenwerke Dillingen steel plant,49.353884,6.746603
Panzhihua Steel Group Panzhihua Steel Vanadium Co Ltd,5900.0,1,1,1,9319315191.657978,Pangang Group Panzhihua Steel Vanadium Co Ltd,26.565265,101.673737
Tangshan Fengnan District Jing'an Iron and Steel Co Ltd,5825.0,1,1,1,1597397963.2435653,Tangshan Fengnan District Jing an Iron and Steel Co Ltd,39.600956,118.358726
Chelyabinskiy Metallurgicheskiy Kombinat PJSC,5799.0,1,1,1,,Mechel Chelyabinsk Metallurgical Plant,55.27073,61.436492
Shandong Taishan Steel Group Co Ltd,5790.0,1,1,1,6228848405.062526,Shandong Taishan Steel Group Co Ltd,36.22141,117.627728
Rockcheck Steel Group Co Ltd,5750.0,1,1,1,8170303829.634859,Tianjin Rockcheck Steel Group Co Ltd,38.970638,117.495794
Lloyds Metals and Energy Ltd,5748.0,2,1,1,124927907.9499686,Lloyds Metals and Energy Ltd Konsari steel plant,19.770409,79.813599
Liaoyang United Steel Co Ltd,5700.0,1,1,1,1281795295.850902,Liaoyang United Steel Co Ltd,41.19138,122.877311
Commercial Metals Co,5666.0,8,1,1,,CMC Steel Texas plant,29.577459,-98.032017
JiLin Province Xinda Steel Co Ltd,5600.0,1,1,1,15053158.02973983,Jilin Xinda Iron and Steel Co Ltd,42.3249,125.246892
Laiwu Steel Yinshan Section Co Ltd,5600.0,1,1,1,1723461254.4344203,Laiwu Iron and Steel Group Yinshan Section Steel Co Ltd,36.106143,117.820108
ShanXi TongCai Industry and Trade Co Ltd,5580.0,1,1,1,747390169.8949468,Shanxi Tongcai Industry and Trade Co Ltd,35.694321,111.429381
Hebei Puyang Iron and Steel Co Ltd,5567.0,1,1,1,313791587.31473416,Hebei Puyang Iron and Steel Co Ltd,36.733675,113.925995
Fushun New Steel Corp Ltd,5550.0,1,1,1,8540543698.927486,Fushun New Steel Co Ltd,41.841223,123.753895
Hebei Rongxin Iron & Steel Co Ltd,5520.0,1,1,1,796505445.106471,Hebei Rongxin Steel Co Ltd,39.880661,118.558755
Promsort LLC,5500.0,3,1,1,,IMH Tula steel plant,54.156726,37.725551
Altos Hornos de Mexico SAB de CV,5500.0,1,1,1,,Altos Hornos De Mexico SA (AHMSA) steel plant,26.876889,-101.416612
Jingye (Yingkou) Medium Plate Co Ltd,5500.0,1,1,1,1444886964.8755352,Jingye (Yingkou) Medium Plate Co Ltd,40.671136,122.395441
Tangshan Donghai Iron and Steel Group Co Ltd,5499.0,1,1,1,770999040.1643324,Tangshan Donghai Iron and Steel Group Co Ltd,39.748373,118.624794
Alchevsk Metallurgical Plant PJSC,5472.0,1,1,1,,Alchevsk Metallurgical Plant,48.478111,38.770787
Zhongxin Iron and Steel Group Co Ltd,5400.0,1,1,1,2852869883.3872247,Zhongxin Iron and Steel Group Co Ltd,34.368618,118.31556
Long Son Phu My Iron & Steel Co,5400.0,1,1,1,,Long Son Phu My Iron and Steel plant,14.457367,109.0789538
TRINECKÉ ZELEZÁRNY AS,5400.0,1,1,1,,TZMS Třinecké železárny Trinec steel plant,49.689053,18.654557
ArcelorMittal Bremen GmbH,5360.0,1,1,1,,ArcelorMittal Bremen steel plant,53.133305,8.688193
Saarstahl AG,5330.0,2,2,1,,Saarstahl Völklingen steel plant,49.247635,6.848662
Qingdao Special Iron and Steel Co Ltd,5320.0,1,1,1,431849713.01466113,Qingdao Special Iron and Steel Co Ltd,35.6296,119.722335
Xingtai Iron and Steel Co Ltd,5310.0,2,1,1,11288701979.281197,Xingtai Iron and Steel Co Ltd,37.041601,114.452352
Eregli Demir ve Celik Fabrikalari AŞ,5201.0,1,1,1,,Erdemir Eregli steel plant,41.261469,31.420106
Jinan Iron & Steel Group Co Ltd,5200.0,1,1,1,2791499561.2492723,Jinan Iron and Steel Group Co Ltd,36.718952,114.111677
Ternium Brasil Ltda,5200.0,1,1,1,,Ternium Brasil Santa Cruz steel plant,-22.912549,-43.741614
Orissa Metaliks Pvt Ltd,5153.0,3,1,1,2205613025.7592883,Orissa Metaliks Markuta steel plant,21.856747,83.966244
Siderurgica del Orinoco Alfredo Maneiro CA,5100.0,1,1,1,,Sidor Ciudad Guayana steel plant,8.259073,-62.841126
Uralskaya Stal JSC,5050.0,1,1,1,,Ural Steel Metallurgical Plant,51.214781,58.353913
Wuyang Iron and Steel Co Ltd,5040.0,1,1,1,642394331.888709,Wuyang Iron and Steel Co Ltd,33.287536,113.474328
Tangshan Songting IRON&STEEL Co Ltd,5000.0,1,1,1,1205952791.2560177,Tangshan Songting Iron and Steel Co Ltd,39.938866,118.576678
Hebei Jinxi Iron & Steel Group Co Ltd,5000.0,1,1,1,251849587.08247745,Hebei Jinxi Iron and Steel Group Co Ltd,40.209844,118.220547
Hebei Tangyin IRON&STEEL Co Ltd,5000.0,2,1,1,6582094224.79956,Hebei Tangyin Iron and Steel Co Ltd,39.699354,118.213188
Içdaş Çelik Enerji Tersane Ve Ulaşim Sanayi AŞ,5000.0,1,1,1,,İÇDAŞ Biga steel plant,40.441491,27.137563
Dinson Iron & Steel Company Pvt Ltd,5000.0,1,1,1,,Dinson Chivhu iron and steel plant,-18.940658,30.608968
Eastern Steel Sdn Bhd,5000.0,1,1,1,,Eastern Steel Kemaman plant,4.285062,103.432551
JSW Vijayanagar Metallics Ltd,5000.0,1,1,1,334841572.46645224,JSW Vijayanagar Metallics steel plant,15.203176,76.659122
Anshan Iron and Steel Group Co Ltd,5000.0,1,1,1,,Anshan Iron and Steel Central Sulawesi steel plant,-4.244263,122.371221
Xindia Steels Ltd,5000.0,1,1,1,185356174.34875867,Xindia Steels Koppal plant,15.293421,76.234947
Stegra AB,5000.0,2,2,1,,Stegra Boden steel plant,65.805389,21.75914
Greensteel Australia Pty Ltd,5000.0,1,1,1,,GreenSteel Australia New South Wales steel plant,-34.4637185,150.8865407
Baowu Group Echeng Iron & Steel Co Ltd,4971.0,1,1,1,14250230836.869875,Baowu Group Echeng Iron and Steel Co Ltd,30.39574,114.861313
Shanxi Zhongyang Iron & Steel Co Ltd,4950.0,1,1,1,320338051.3482251,Shanxi Zhongyang Iron and Steel Co Ltd,37.370796,111.161118
Houying Group Haicheng Iron and Steel Co Ltd,4900.0,1,1,1,563518410.1278985,Houying Group Haicheng Iron and Steel Co Ltd Datun Branch,40.981855,122.948643
Sichuan Dazhou Iron & Steel Group Co Ltd,4900.0,1,1,1,10197981456.470524,Sichuan Dazhou Iron and Steel Group Co Ltd,31.18945,107.453099
Fujian San'an Iron & Steel Co Ltd,4850.0,1,1,1,1080493062.2097301,Fujian Quanzhou Minguang Iron and Steel Co Ltd,25.244396,118.029905
ArcelorMittal Eisenhüttenstadt GmbH,4800.0,1,1,1,,ArcelorMittal Eisenhüttenstadt steel plant,52.168649,14.623473
Guangxi Chiji Iron and Steel Co Ltd,4800.0,1,1,1,105313275.99139243,Guangxi Chiji Iron and Steel Co Ltd,23.402121,111.134606
Shanxi Meijin Iron and Steel Co Ltd,4790.0,2,1,1,2089291270.347642,Shanxi Meijin Iron and Steel Co Ltd Yuanping City,38.7393,112.689086
Yunnan Desheng Steel Co Ltd,4770.0,1,1,1,179784996.6136446,Yunnan Desheng Iron and Steel Co Ltd,25.142516,102.077727
Kardemir Karabuk Demir Çelik Sanayi Ve Ticaret AŞ,4751.0,2,1,1,,Kardemir Merkez steel plant,41.180307,32.634343
Jiangsu Xusteel Group Co Ltd,4750.0,1,1,1,536146471.99254227,Jiangsu Xugang Iron and Steel Group Co Ltd,34.577016,117.339638
Shanxi Jianlong Industrial Co Ltd,4750.0,1,1,1,384406160.84900844,Shanxi Jianlong Industrial Co Ltd,35.417405,111.303919
Gohar Zamin Mining and Industrial Company,4720.0,1,1,1,,Gohar Zamin Bardsir steel plant,29.953217,56.699701
JiuJiang PXSteel Co Ltd,4700.0,1,1,1,478146017.5263399,Jiujiang Pinggang Iron and Steel Co Ltd,29.778431,116.27527
Oskol'skiy Elektrometallurgicheskiy Kombinat Imeni Alekseya Alekseyevicha Ugarova JSC,4700.0,1,1,1,,Metalloinvest OEMK steel plant,51.142738,37.940532
Lvliang Jianlong Industrial Co Ltd,4700.0,1,1,1,1570081181.240564,Lvliang Jianlong Industrial Co Ltd,37.47311,112.06093
Osaka Steel Co Ltd,4650.0,1,1,1,254812052510.10464,Osaka Steel Sakai Works,34.59822,135.45439
Tonghua Iron & Steel Co Ltd,4590.0,1,1,1,601217158.3271072,Tonghua Iron and Steel Co Ltd,41.779125,126.022349
Wuzhou Yongda Steel Works Co Ltd,4525.0,1,1,1,607979569.3111423,Wuzhou Yongda Iron and Steel Co Ltd,23.524465,111.2402
US Steel Košice sro,4500.0,1,1,1,,U. S. Steel Košice steel plant,48.612001,21.191401
Tianjin Tiangang UNITED SPECIAL Steel Co Ltd,4500.0,1,1,1,10311114379.091043,Tianjin New Tiangang United Special Steel Co Ltd,39.300258,117.800231
Habas Industrial and Medical Gases Production Industries AŞ,4500.0,1,1,1,,Habas Aliaga steel plant,38.751462,26.950172
Persian Gulf Saba Steel,4500.0,1,1,1,,Persian Gulf Saba Steel,27.189076,56.105633
Shanxi HONGDA Iron and Steel Group Co Ltd,4500.0,1,1,1,250634379.58227268,Shanxi Hongda Iron and Steel Group Co Ltd,35.701895,110.786826
Tangshan RUIFENG Steel and Iron (GROUP) Co Ltd,4500.0,1,1,1,438464931.03294915,Tangshan Ruifeng Iron and Steel Group Co Ltd,39.497472,118.272056
Arab Steel Co,4500.0,1,1,1,,Al Ittefaq Arab Steel Dammam plant,26.277917,49.949177
Metinvest Holding LLC,4500.0,1,1,1,,Metinvest EAF steel plant,49.039389,31.332628
Çolakoğlu Metalürji AŞ,4500.0,1,1,1,,Colakoglu Metallurgical Dilovasi steel plant,40.768409,29.529979
Vina Roma Quang Tri Steel JSC,4500.0,1,1,1,,Vina Roma Quang Tri steel plant,16.756559,107.329547
Hanshan Iron and Steel Co Ltd,4488.0,1,1,1,296202759.7826058,Handan Steel Group Handan Bao Steel Co Ltd,36.685881,113.837073
Evonith Metallics Ltd,4480.0,2,1,1,428413959.05805874,Evonith Metallics Wardha steel plant,20.704605,78.620293
Hubei Jinshenglan Metallurgical Technology Co Ltd,4450.0,1,1,1,96700424.06712171,Hubei Jinshenglan Metallurgical Technology Co Ltd,29.916729,113.822921
Fujian Luoyuan Minguang Iron & Steel Co Ltd,4450.0,1,1,1,53661889.35483706,Fujian Luoyuan Minguang Iron and Steel Co Ltd,26.483815,119.67105
Chengde Jianlong SPECIAL Steel Co Ltd,4400.0,1,1,1,277866579.7444777,Chengde Jianlong Special Steel Co Ltd,40.515035,117.596071
Evraz NTMK JSC,4400.0,1,1,1,,Evraz NTMK steel plant,57.922851,60.033543
Minyuan Iron and Steel Group Co Ltd,4350.0,1,1,1,258770067.85181326,Minyuan Iron and Steel Group Co Ltd,34.013369,116.422599
Algerian Qatari Steel,4300.0,1,1,1,,Algerian Qatari Steel Jijel plant,36.753961,6.24442
Acciaieria Arvedi SpA,4300.0,1,1,1,,Finarvedi Cremona steel plant,45.145949,9.950821
Mariupolskyi Metalurgiinyi Kombinat Imeni Illicha PrAT,4299.0,1,1,1,,Metinvest Ilyich Iron and Steel Works,47.1402768,37.5943416
Tangshan Heavy Plate Co Ltd,4200.0,1,1,1,658638310.9064554,Tangshan Medium Thick Plate Co Ltd,39.268452,119.024819
Jianlong Xilin Iron and Steel Co Ltd,4200.0,1,1,1,10642384.938641924,Jianlong Xilin Iron and Steel Co Ltd,47.495036,129.287919
Shijiazhuang Iron and Steel Co Ltd,4160.0,2,1,1,41715661516.27928,Shijiazhuang Iron and Steel Co Ltd,38.060735,114.560358
Wuan Yuhua Steel Co Ltd,4100.0,1,1,1,2791499561.2492723,Wu an Yuhua Iron and Steel Co Ltd,36.731752,114.098377
Changshu Longteng Special Steel Co Ltd,4075.0,1,1,1,9736930825.62187,Changshu Longteng Special Steel Co Ltd,31.723833,120.835685
Tangshan Stainless Steel Co Ltd,4050.0,2,1,1,1009690044.964777,Tangshan Stainless Steel Co Ltd Guye District,39.730795,118.467608
Tangshan GUOYI SPECIAL Steel Co Ltd,4050.0,1,1,1,1597397963.2435653,Tangshan Guoyi Special Type Iron and Steel Co Ltd,39.659153,118.411488
Jiangsu Shagang Group Huaigang SPECIAL Steel Co Ltd,4037.0,1,1,1,4165354036.0691886,Jiangsu Shagang Group Huaigang Special Steel Co Ltd,33.566039,118.988442
Kunming Iron & Steel Holding Co Ltd,4000.0,1,1,1,,Kunming Iron and Steel Myanmar plant,21.423783,96.454378
Yildizlar Yatirim Holding AŞ,4000.0,1,1,1,,Yildiz Iron and Steel Kocaeli plant,40.870333,29.55767
KG Steel Co Ltd,4000.0,2,1,1,,KG Steel Dangjin steel plant,36.983721,126.744755
Essar Global Fund Ltd,4000.0,1,1,1,,Essar Ras Al Khair steel plant,27.544749,49.208103
Fangchenggang Jinxi Steel Technology Co Ltd,4000.0,1,1,1,954514098.9683073,Fangchenggang Jinxi Steel Technology Co Ltd,21.646525,108.369582
Langfang Guangyuan Metalwork Co Ltd,4000.0,1,1,1,1533063394.1574883,Langfang Guangyuan Metalwork Co Ltd,39.181466,116.838667
Jiugang Group Yuzhong Iron & Steel Co Ltd,4000.0,1,1,1,167993672.70306432,Jiugang Group Yuzhong Iron and Steel Co Ltd,36.033646,104.035535
Ningbo Iron & Steel Co Ltd,3999.0,1,1,1,7787131930.195617,Ningbo Iron and Steel Co Ltd,29.918776,121.876423
Shandong Guangfu Group Co Ltd,3960.0,1,1,1,833477595.0387985,Shandong Guangfu Group Co Ltd,36.863145,117.616918
Hebei Taihang Iron and Steel Group Co Ltd,3950.0,1,1,1,383769388.9911753,Hebei Taihang Iron and Steel Group Co Ltd,36.613716,114.082349
Yancheng Lianxin Steel Co Ltd,3950.0,1,1,1,47191425.791021824,Yancheng Lianxin Iron and Steel Co Ltd,33.211332,120.774892
Hubei Lijin Steel Group Co Ltd,3920.0,1,1,1,728653447.9992169,Hubei Lijin Steel Group Co Ltd,32.127263,112.715688
Pangang Group Xichang Steel and Vanadium Co Ltd,3900.0,1,1,1,146825967.31663737,Pangang Group Xichang Steel and Vanadium Co Ltd,27.74799,102.20517
Qatar Steel Company QPSC,3826.0,1,1,1,,Industries Qatar Steel Mesaieed plant,24.952688,51.584777
Shyam Metalics and Energy Ltd,3823.0,2,1,1,508460503.06881213,Shyam Metalics Sambalpur steel plant,21.680344,84.04179
Anhui Changjiang Steel Co Ltd,3800.0,1,1,1,2369022303.7466125,Anhui Changjiang Steel Co Ltd,31.502272,118.465162
Daye SPECIAL Steel Co Ltd,3780.0,1,1,1,5065987125.999837,Daye Special Steel Co Ltd,30.204603,115.125838
Badische Stahlwerke GmbH,3750.0,1,1,1,,Kehler Baden Steel Works,48.595058,7.821633
Chengdu Changfeng Steel Group Co Ltd,3740.0,1,1,1,846260426.3465284,Chengdu Changfeng Iron and Steel Group Co Ltd,31.031921,103.672956
BlueScope Steel Ltd,3700.0,2,2,2,,BlueScope Port Kembla steel plant,-34.463834,150.886191
Khouzestan Steel Co,3600.0,1,1,1,,Khouzestan Steel plant,31.270091,48.732904
"Xinyang Iron & Steel Co.,ltd of Angang Group",3600.0,1,1,1,382250327.83036226,Angang Group Xinyang Iron and Steel Co Ltd,32.488704,114.038243
Xiwang METAL Science Technology Co Ltd,3600.0,1,1,1,1079457394.0062003,Xiwang Metal Science Technology Co Ltd,36.928208,117.694654
Amsteel Mills Sdn Bhd,3600.0,2,1,1,,Lion Industries Amsteel Klang steel plant,3.069682,101.456474
Shougang Changzhi IRON& Steel Co Ltd,3600.0,1,1,1,2449438562.2978115,Shougang Changzhi Iron and Steel Co Ltd,36.356404,113.060809
Shadegan Steel Industry Co,3600.0,1,1,1,,Shadegan Steel Complex,30.565979,48.939846
Xinji AOSEN Steel Group Co Ltd,3600.0,1,1,1,215529762.4241828,Xinji Aosen Iron and Steel Group Co Ltd,37.752351,115.184798
Gerdau Acominas SA,3600.0,1,1,1,,Gerdau Açominas Ouro Branco steel plant,-20.543507,-43.75295
Guangdong Jinshenglan Metallurgical Technology Co Ltd,3600.0,1,1,1,288572450.6037076,Guangdong Jinshenglan Metallurgical Technology Co Ltd,22.888729,112.263081
Dongkuk Steel Mill Co Ltd,3600.0,2,1,1,,Dongkuk Steel Incheon steel plant,37.486465,126.638607
Henan YAXIN Steel Industry Co Ltd,3600.0,1,1,1,1630271672.3960836,Henan Yaxin Iron and Steel Group Co Ltd,35.879956,114.334825
Hebei New Wuan Lron and Steel Group Hong Rong Lron and Steel Co Ltd,3600.0,1,1,1,188809636.46592227,Hebei Xin Wuan Steel Group Hongrong Iron and Steel Co Ltd,36.640411,113.981172
Uzbekskiy Metallurgicheskiy Kombinat JSC,3540.0,1,1,1,,Uzmetkombinat steel plant,40.233432,69.290873
Shougang Shuicheng Iron & Steel (Group) Co Ltd,3501.0,1,1,1,2917021785.146939,Shougang Shuicheng Iron and Steel Group Co Ltd,26.595229,104.877413
Ternium Argentina SA,3501.0,1,1,1,,Ternium Siderar San Nicolás steel plant,-33.37365,-60.138697
Emsteel Building Materials PJSC,3500.0,1,1,1,,Emsteel Abu Dhabi steel plant,24.322033,54.467987
Ningxia Jianlong Special Steel Co Ltd,3500.0,1,1,1,698923464.9402945,Ningxia Jianlong Special Steel Co Ltd,39.215452,106.688294
Mesco Kalinga Steel Ltd,3500.0,1,1,1,864289310.3874147,Mesco Steel Kalinganagar plant,20.976277,86.044419
Kamet-Steel PrJSC,3500.0,1,1,1,,Metallurgical Plant Kametstal,48.528019,34.640915
Hebei Wenfeng STEEL&IRON Co Ltd,3499.0,1,1,1,1570133414.6514165,Hebei Wenfeng Iron and Steel Co Ltd,36.64577,114.124258
Fujian Dingsheng Steel Co Ltd,3452.0,1,1,1,65973740.548705816,Fujian Dingsheng Iron and Steel Co Ltd,27.224477,120.328828
Hebei Tianzhu IRON&STEEL (GROUP) Co Ltd,3418.0,1,1,1,4568324809.945682,Hebei Tianzhu Iron and Steel Group Co Ltd Fengrun Plant,39.803524,118.205663
Guangxi BG New Materials Co Ltd,3400.0,1,1,1,490660026.3866026,Guangxi Beigang New Material Co Ltd,21.519924,109.506427
Kaptan Demir Celik Endustrisi Ve Ticaret AŞ,3400.0,1,1,1,,Kaptan Ereglisi steel plant,41.015222,27.959978
Henan Xinjinhui Stainless Steel Industry Co Ltd,3400.0,1,1,1,797364861.8664675,Henan Jinhui Industrial Group,34.263509,113.853979
Zhongpu (Handan) Iron and Steel Co Ltd,3400.0,1,1,1,296202759.7826058,Zhongpu Handan Iron and Steel Co Ltd,36.721376,113.910271
Shanxi Zhongsheng Iron and Steel Co Ltd,3350.0,1,1,1,224177109.58702946,Shanxi Zhongsheng Iron and Steel Co Ltd,35.727776,111.330122
Al Ezz Dekheila Steel Company Alexandria SAE,3340.0,1,1,1,,Al-Ezz Dekheila Steel Alexandria plant,31.123467,29.80987
Rashmi Metaliks Ltd,3330.0,2,1,1,2729308041.8371925,Rashmi Metaliks Jamuria steel plant,23.706343,87.07774
Yenakiieve Metallurgical Plant Branch PJSC,3300.0,1,1,1,,Yenakiieve Metallurgical Plant,48.220502,38.228626
Hebei Xinjin Iron and Steel Co Ltd,3300.0,1,1,1,6917400988.421546,Hebei Xinjin Iron and Steel Co Ltd,36.715632,114.208992
Yangzhou Hengrun Ocean Heavy Industry Co Ltd,3300.0,1,1,1,1835372768.9161925,Yangzhou Hengrun Ocean Heavy Industry Co Ltd,32.249602,119.620438
Golgohar Iron and Steel Development Co,3300.0,1,1,1,,Golgohar Iron and Steel Company Kerman,29.134614,55.360773
Voestalpine Stahl Donawitz GmbH,3270.0,1,1,1,,Voestalpine Stahl Donawitz steel plant,47.380455,15.065182
Zhenshi Group EASTERN SPECIAL Steel Co Ltd,3212.0,1,1,1,2908351559.15047,Zhenshi Group Eastern Special Steel Co Ltd,30.720411,120.898518
Egyptian Iron & Steel Co,3200.0,1,1,1,,Egyptian Iron & Steel Company Cairo plant,29.774458,31.312013
Guangxi Deyuan Metallurgy Co Ltd,3200.0,2,1,1,271821385.1967023,Guangxi Deyuan Metallurgy Co Ltd (Nayangdaqiao),22.712996,109.33725
Megasteel Sdn Bhd,3200.0,1,1,1,,Lion Industries Megasteel plant,2.8072653,101.6055808
Hebei New Wuan Iron and Steel Group Xin Hui Metallurgy Co Ltd,3185.0,1,1,1,1570133414.6514165,Hebei Xinwuan Iron and Steel Group Xinhui Metallurgy Co Ltd,36.664097,114.115263
Nucor Yamato Steel Co,3174.0,1,1,1,,Nucor-Yamato Steel Blytheville plant,35.941421,-89.713819
Nghi Son VAS Group JSC,3150.0,1,1,1,,VAS Nghi Son Cast Iron and Steel plant,19.326924,105.777449
Izmir Demir Celik Sanayi AŞ,3100.0,1,1,1,,İDÇ Izdemir Aliaga steel plant,38.739596,26.929091
Nucor Steel Decatur LLC,3100.0,1,1,1,,Nucor Steel Decatur plant,34.63963,-87.085738
Xinjiang Bayi Steel Southern Xinjiang Steel Baicheng Co Ltd,3100.0,1,1,1,,China Baowu Phnom Penh steel plant,11.56703,104.863893
Tangshan Xinglong Steel Co Ltd,3075.0,1,1,1,178134743.02966222,Tangshan Xinglong Iron and Steel Co Ltd,39.847612,118.348448
Zhuhai Yueyufeng IRON&STEEL Co Ltd,3051.0,1,1,1,2524762539.6796427,Zhuhai Yueyufeng Iron and Steel Co Ltd,21.96092,113.198718
Shaanxi Lueyang Iron and Steel Co Ltd,3050.0,1,1,1,32314098.785076372,Shaanxi Lueyang Iron and Steel Co Ltd,33.323678,106.167206
Henan Angang Zhoukou Iron and Steel Co Ltd,3050.0,1,1,1,1216482444.7504897,Henan Angang Zhoukou Iron and Steel Co Ltd,33.364534,115.099661
Daric Investment Holding Co,3050.0,4,1,1,,Shams Iron and Steel Complex Tabriz,37.446675,45.956891
Hebei Tianzhu Iron and Steel Group Special Steel Co Ltd,3034.0,1,1,1,658638310.9064554,Hebei Tianzhu Iron and Steel Group Co Ltd,39.270032,119.01376
North Star BlueScope Steel Ltd,3034.0,1,1,1,,BlueScope North Star Steel plant,41.568783,-84.048129
Gerdau Acos Longos SA,3026.0,4,1,1,,Gerdau São Paulo Araçariguama steel plant,-23.43864,-47.08825
Qinhuangdao Baigong Steel Co Ltd,3010.0,1,1,1,1644959560.7920702,Qinhuangdao Baigong Steel Co Ltd,39.748773,118.819472
Nanyang Hanye SPECIAL STREET Co Ltd,3000.0,1,1,1,313551485.3556643,Nanyang Hanye Special Steel Co Ltd,33.269324,111.534635
Weifang SPECIAL Steel Group Co Ltd,3000.0,1,1,1,3368126297.6347632,Weifang Special Steel Group Co Ltd,36.644469,119.238427
Vulcan Green Steel LLC,3000.0,1,1,1,,Vulcan Green Steel Nigeria plant,9.082,8.6753
Qian'an Zhayi Steel Group Co Ltd,3000.0,1,1,1,722897426.2393645,Qian an Zhayi Steel Group Co Ltd,40.044026,118.552001
unknown,3000.0,2,2,1,,Chan May green steel plant,16.3354,108.0248
Amurstal LLC,3000.0,1,1,1,,Amurstal steel plant,50.563131,136.976362
Abba Steel Ltd,3000.0,1,1,1,,Abba Steel Ohangwena steel plant,-17.397866,15.891022
Lianyungang Yaxin Iron and Steel Co Ltd,3000.0,1,1,1,890142435.6329616,Lianyungang Yaxin Iron and Steel Co Ltd,34.423786,119.778311
Shanxi Xintai Iron & Steel Co Ltd,3000.0,1,1,1,4334687658.950084,Shanxi Xintai Iron and Steel Co Ltd,37.075017,111.985148
Tianjin Pipe Corp,3000.0,1,1,1,7120436820.791538,Tianjin Pipe Corporation,39.034002,117.486798
Tianjin Metallurgy Group Zhasan Steel Co Ltd,3000.0,1,1,1,805190129.0529438,Tianjin Metallurgy Group Zhasan Steel Co Ltd,38.825269,117.08849
Anhui Shoukuang Dachang Metal Material Co Ltd,3000.0,1,1,1,26192474.427464876,Anhui Shoukuang Dachang Metal Material Co Ltd,32.329171,115.954963
Makran Steel Co,3000.0,1,1,1,,Makran Steel Sistan and Baluchestan Complex,25.4483977,60.6408488
Shangang Group Hanzhong Iron & Steel Co Ltd,3000.0,1,1,1,686629951.6960833,Shaanxi Steel Group Hanzhong Iron and Steel Co Ltd,33.133192,106.671859
Jiangsu Jingye Iron and Steel Co Ltd,3000.0,1,1,1,1557019273.7154286,Jiangsu Jingye Iron and Steel Co Ltd,34.38381,119.786878
Tangshan Guotang Steel Co Ltd,3000.0,1,1,1,658638310.9064554,Tangshan Guotang Steel Co Ltd,39.293147,119.046972
Bhushan Power & Steel Ltd,3000.0,1,1,1,113645399.55906004,JSW BPSL Jharkhand steel plant,22.665526,85.64622
Metinvest Adria SpA,3000.0,1,1,1,,Metinvest Piombino steel plant,42.93652,10.537794
Setareh Simin Hormoz Co,3000.0,1,1,1,,Setareh Simin Hormoz DRI plant,27.192922,56.114617
Qeshm Steel Development Co,3000.0,1,1,1,,Qeshm Steel Development Hormuzgan plant,26.826494,55.957708
Fujian Tsingtuo Nickel Industry Co Ltd,3000.0,1,1,1,11794218.386546498,Fujian Tsingtuo Nickel Industry Co Ltd,26.768925,119.765203
KISCO Corp,3000.0,1,1,1,,KISCO steel Changwon plant,35.216552,128.640158
BMZ-Upravlyayushchaya Kompaniya Kholdinga BMK JSC,3000.0,1,1,1,,Byelorussian Steel Works,52.849321,29.988985
AM/NS Calvert LLC,3000.0,1,1,1,,ArcelorMittal Calvert steel plant,31.148446,-87.990521
Pakistan Steel Mills Corp Pvt Ltd,3000.0,1,1,1,,Pakistan Steel Mills Karachi,24.809977,67.35244
Jinding Heavy Industries Co Ltd,3000.0,1,1,1,2791499561.2492723,Jinding Heavy Industry Co Ltd,36.718952,114.111677
Lengshuijiang Iron and Steel Co Ltd,3000.0,1,1,1,982323572.5654914,Lengshuijiang Steel Co Ltd,27.690401,111.437288
DELONG Steel Ltd,3000.0,1,1,1,676290293.567939,Delong Steel Co Ltd,37.086116,114.384832
"Sichuan De Sheng Group, Vanadium and Titanium Co Ltd",3000.0,1,1,1,181895609.9521647,Sichuan Desheng Group Vanadium and Titanium Co Ltd,29.39798,103.542532
JSW Rayalaseema Steel Limited,3000.0,1,1,1,45263087.15252942,JSW Rayalseema steel plant,14.76855,78.403263
Egyptian Sponge Iron & Steel Company SAE,3000.0,1,1,1,,Egyptian Sponge Iron and Steel Company Sadat City plant,30.393079,30.58773
Tangshan Xinbaotai Iron & Steel Co Ltd,3000.0,1,1,1,597616844.3023248,Tangshan Xinbaotai Iron and Steel Co Ltd,39.861425,118.03667
Wuan Mingfang Iron & Steel Co Ltd,2999.0,1,1,1,6917400988.421546,Wu an Mingfang Iron and Steel Co Ltd,36.710754,114.207855
Shanxi Changxin Industry Co Ltd,2995.0,1,1,1,2719454994.077153,Shanxi Changxin Industrial Co Ltd,36.326589,113.117181
Jishan Mingfu Steel Products Co Ltd,2953.0,1,1,1,245177255.62792537,Jishan Mingfu Steel Products Co Ltd,35.665945,111.025976
Tung Ho Steel Enterprise Corp,2900.0,3,1,1,,Tung Ho Steel Miaoli plant,24.568401,120.74062
GV do Brasil Industria e Comercio de Aço Ltda,2900.0,2,1,1,,Simec Cariacica steel plant,-20.34291,-40.360864
Al Ezz Flat Steel Company SAE,2880.0,1,1,1,,Ezz Flat Steel Ain Sokhna plant,29.692045,32.322117
Godawari Power and Ispat Ltd,2859.0,2,1,1,919900210.3246052,Godawari Power and Ispat Sarora steel plant,21.565032,81.739447
Heyuan Derun Steel Co Ltd,2850.0,2,1,1,5199836757.785021,Heyuan Derun Steel Co Ltd LanTang Industrial Park,23.39775,114.898646
Shandong Shouguang Juneng SPECIAL Steel Co Ltd,2850.0,1,1,1,1440684200.7685635,Shandong Shouguang Juneng Special Steel Co Ltd,36.939125,118.785598
Shandong Jinguan Metallurgical Technology Co Ltd,2810.0,1,1,1,9904946687.227655,Shandong Jinguan Metallurgical Technology Co Ltd,37.449126,116.396787
Fangda Special Steel Technology Co Ltd,2800.0,1,1,1,30850521591.191532,Fangda Special Steel Technology Co Ltd,28.645441,115.99204
Yingkou Iron & Steel Co Ltd,2800.0,1,1,1,758099574.9849542,Yingkou Iron and Steel Co Ltd,40.664651,122.415057
Liyang Baorun Steel Co Ltd,2760.0,1,1,1,5294448729.56292,Liyang Baorun Steel Co Ltd,31.471123,119.485941
Hebei New Wuan Steel Group Wenan IRON&STEEL Co Ltd,2750.0,2,1,1,3553105312.443734,Hebei Xin Wuan Steel Group Wenan Iron and Steel Co Ltd,36.679431,114.169024
Xinxing Ductile Iron Pipes Xinjiang Co Ltd,2750.0,1,1,1,31013010.919899933,Xinjiang Tianshan Iron and Steel Bazhou Co Ltd,42.333321,86.302481
MZ Balakovo JSC,2750.0,1,1,1,,Balakovo Steel Plant,51.936009,47.81591
Linyi Jiangxin Steel Co Ltd,2700.0,1,1,1,7972147725.823803,Linyi Jiangxin Iron and Steel Co Ltd,34.951117,118.305389
Shandong Xinhua Special Steel Group Co Ltd,2700.0,1,1,1,783615313.084411,Shandong Xinhua Special Steel Group Co Ltd,36.256175,116.179833
Anhui Guihang Special Steel Co Ltd,2700.0,1,1,1,189683194.67400867,Anhui Guihang Special Steel Co Ltd,30.531068,117.251147
Jiangsu Shente Steel Corp,2700.0,1,1,1,5294448729.56292,Jiangsu Shente Steel Co Ltd,31.471123,119.485941
Jilin Jianlong Steel Co Ltd,2700.0,1,1,1,133726064.71790448,Jilin Jianlong Steel Co Ltd,44.011951,126.537086
Shandong Laigang Yongfeng Steel Corp,2700.0,1,1,1,2781115807.54017,Shandong Laigang Yongfeng Steel Co Ltd,36.7993,116.8026
Shandong Chuanyang Group Co Ltd,2700.0,1,1,1,3677756121.979178,Shandong Chuanyang Group Co Ltd,36.894784,117.888366
Shanxi Gaoyi Steel Co Ltd,2700.0,1,1,1,2190467911.060826,Shanxi Gaoyi Steel Co Ltd,35.586841,111.258436
Shandong Iron Steel Group Yongfeng Zibo Co Ltd,2700.0,1,1,1,5698841287.0221615,Shandong Iron and Steel Group Yongfeng Zibo Co Ltd,36.906036,118.111833
Chifeng Zhongtang Special Steel Co Ltd,2700.0,1,1,1,14520160.651008502,Chifeng Zhongtang Special Steel Co Ltd,41.834064,119.281883
Fulun Iron & Steel Co Ltd,2700.0,1,1,1,792299266.5563575,Shandong Fulun Iron and Steel Co Ltd,36.308447,117.540425
GFG Alliance Ltd,2700.0,1,1,1,,GFG Liberty Steel Australia Whyalla steel plant,-33.009381,137.587836
Linyi Iron and Steel Investment Group Co Ltd,2700.0,1,1,1,212520272.51501238,Linyi Iron and Steel Investment Group Special Steel Co Ltd,35.15735,119.133999
Tongling City Xuanli Special Steel Co Ltd,2700.0,1,1,1,322755495.5135918,Tongling Xuanli Special Steel Co Ltd,31.062807,117.956015
Tosyali Sulb Steel Industries Joint Company,2700.0,1,1,1,,Tosyali-SULB Benghazi steel plant,32.1818,20.124361
Dongbei Special Steel Group Dalian Special Steel Co Ltd,2695.0,1,1,1,278283618.2820494,Dongbei Special Steel Group Dalian Special Steel Co Ltd,39.193697,122.057788
Anyuan Iron & Steel Co Ltd,2650.0,1,1,1,7940031421.185044,Pingxiang Pinggang Anyuan Iron and Steel Co Ltd,27.64555,113.902126
Henan Fengbao SPECIAL Steel Co Ltd,2650.0,1,1,1,1250100343.4634068,Henan Fengbao Special Steel Co Ltd,36.131666,113.872158
Kyoei Steel Ltd,2645.0,3,1,1,33170209963.181366,Kyoei Steel Nagoya Division (Tokai),35.065055,136.815384
Rashmi Green Hydrogen Steel Pvt Ltd,2600.0,1,1,1,1986124537.7752411,Rashmi Green Hydrogen Steel Kharagpur steel plant,22.331489,87.398085
Hydnum Steel SL,2600.0,1,1,1,,Hydnum Steel Castilla-La Mancha plant,38.688849,-4.107015
Yunnan Qujing Iron and Steel Group Chenggang Iron and Steel Co Ltd,2600.0,1,1,1,240153183.6302977,Yunnan Qujing Iron and Steel Group Chenggang Iron and Steel Co Ltd,25.45543,103.547242
ArcelorMittal Duisburg GmbH,2600.0,1,1,1,,ArcelorMittal Duisburg steel plant,51.462987,6.744612
Shagang Group Anyang Yongxing Iron & Steel Co Ltd,2600.0,1,1,1,3691623504.775808,Shagang Group Anyang Yongxing Special Steel Co Ltd,36.143573,114.149964
Daye Huaxin Industrial Co Ltd,2583.0,1,1,1,1002488417.5250294,Daye Huaxin Industrial Co Ltd,30.070219,114.926251
Jianlong Beiman SPECIAL Steel Co Ltd,2570.0,1,1,1,3437488269.916678,Jianlong Beiman Special Steel Co Ltd,47.191285,123.616512
Luannan Huarui Steel Co Ltd,2550.0,1,1,1,1572778754.3996863,Hebei Huaxi Iron and Steel Co Ltd,39.51833,118.715766
Hoa Phat Hai Duong Steel JSC,2525.0,1,1,1,,Hoa Phat Hai Duong Steel plant,21.01536,106.536023
Fujian Yixin Steel & Iron Co Ltd,2510.0,1,1,1,136966250.464103,Fujian Yixin Steel Co Ltd,26.491308,119.63624
Qinyang Hongda Iron & Steel Co Ltd,2500.0,1,1,1,514258504.00895184,Qinyang Hongda Iron & Steel Co Ltd,35.184849,112.902248
Meranti Steel Pte Ltd,2500.0,2,2,2,,Meranti Steel Map Ta Phut plant,12.694465,101.148937
Shanxi Tongde Xinghua Special Steel Co Ltd,2500.0,1,1,1,353310074.948443,Shanxi Tongde Xinghua Special Steel Co Ltd,40.183517,113.305462
Sun Metal Casting LLC,2500.0,1,1,1,,Sun Metals Sur steel plant,22.632992,59.416971
ArcelorMittal SA; Société Nationale Industrielle et Minière SA,2500.0,1,1,1,,ArcelorMittal Mauritania green steel plant,19.513799,-10.553879
Zarand Iranian Steel Co,2500.0,1,1,1,,Zarand Iranian Steel Company Kerman plant,30.749633,56.6675096
Compania Espanola de Laminacion SL,2500.0,1,1,1,,Celsa Barcelona Castellbisbal steel plant,41.454855,1.980107
YunNan Province Tiangao Nickel Alloy Co Ltd,2500.0,1,1,1,229330969.90024498,Yunnan Tiangao Nickel Alloy Co Ltd,24.80128,104.063455
Blastr Green Steel AS,2500.0,1,1,1,,Blastr Inkoo steel plant,60.0175,23.9126
Hebei Xinxing Ductile Iron Pipes Co Ltd,2500.0,1,1,1,1570133414.6514165,Hebei Xinxing Ductile Iron Pipes Co Ltd,36.621504,114.128189
Guangxi Guigang Iron and Steel Group Co Ltd,2500.0,1,1,1,6503602261.824279,Guangxi Guigang Iron and Steel Group Co Ltd,23.088182,109.634638
Guangdong Guoxin Industrial Co Ltd,2500.0,1,1,1,4977101905.5661955,"Guangdong Guoxin Industrial Co., Ltd.",23.407415,116.570818
Anyang Iron & Steel Co Ltd,2500.0,1,1,1,17037663839.757977,Anyang Iron and Steel Co Ltd,36.122129,114.283145
Longnan Fuxin Steel Co Ltd,2500.0,1,1,1,85055828.36295038,Longnan Fuxin Iron and Steel Co Ltd,24.912904,114.844503
Bonab Steel Complex,2500.0,1,1,1,,Bonab Steel Complex,37.417437,46.035778
Acciaierie Venete SpA,2490.0,3,1,1,,Acciaierie Venete Padua steel plant,45.419168,11.906625
Groupe Industriel Sider SpA,2450.0,1,1,1,,Sider El Hadjar Annaba steel plant,36.795924,7.707633
Chifeng Yuanlian Steel Co Ltd,2450.0,1,1,1,1995635766.3421109,Chifeng Yuanlian Steel Co Ltd,42.278115,119.015289
Baotou DA AN IRON&STEEL Co Ltd,2450.0,2,1,1,8439898530.62294,Baotou Da'an Iron and Steel Co Ltd Kundulun District,40.715119,109.821653
SSAB Americas Holding AB,2450.0,2,1,1,,SSAB Americas Alabama steel plant,30.941783,-88.012437
Jayaswal Neco Industries Ltd,2450.0,1,1,1,1676028759.8407507,Jayaswal Neco Industries Raipur steel plant,21.354495,81.676444
Tangshan Zhengfeng Steel Co Ltd,2439.0,1,1,1,2256673828.2882605,Tangshan Zhengfeng Steel Co Ltd,39.85271,118.181279
Arvand Jahanara Steel Co,2400.0,1,1,1,,Arvand Jahanara Steel Khouzestan plant,30.510886,48.241356
Tangshan Jinma Iron & Steel Group Co Ltd,2400.0,1,1,1,1872854078.2187674,Tangshan Jinma Steel Group Co Ltd,39.700499,118.456775
Tangshan Chunxing Special Steel Co Ltd,2400.0,1,1,1,1872854078.2187674,Tangshan Chunxing Special Steel Co Ltd,39.676326,118.427914
Kish South Kaveh Steel Co,2400.0,1,1,1,,Kish South Kaveh Steel Hormuzgan plant,27.169696,56.095207
Orion Steel Group LLC,2400.0,2,2,1,,Orion Regina Steel plant,50.51499,-104.630589
ArcelorMittal Long Products Canada GP,2400.0,1,1,1,,ArcelorMittal Montreal steel plant,45.835148,-73.254957
Guangdong Nanfang Donghai Iron and Steel Co Ltd,2400.0,1,1,1,194781090.93254027,Guangdong Nanfang Donghai Iron and Steel Co Ltd,22.907614,112.224952
Yangchun New Iron & Steel Co Ltd,2400.0,1,1,1,126961940.125218,Yangchun New Steel Co Ltd,22.084904,111.642187
Yangzhou Qinyou Special Metal Materials Co Ltd,2400.0,1,1,1,361408387.5824465,Yangzhou Qinyou Special Metal Materials Co Ltd,32.838703,119.425236
Hejin Huaxinyuan Steel & Iron Co Ltd,2350.0,1,1,1,1208145259.4777637,Shanxi Huaxinyuan Steel and Iron Group Co Ltd,35.605506,110.652056
MMK Metalurji Sanayi Ticaret ve Liman Isletmeciligi AŞ,2300.0,1,1,1,,MMK Türkiye Metallurgical Payas steel plant,36.768975,36.213842
Sirjan Jahan Steel Co,2300.0,1,1,1,,Jahan Foolad Sirjan Steel Kerman plant,29.13806,55.375073
Zunyi County Fuxin Iron & Steel Product Co Ltd,2260.0,1,1,1,288427354.33009654,Zunyi Fuxin Special Steel Equipment Manufacturing Co Ltd,27.591697,106.815453
Huangshi Xingang Heavy Industry Technology Co Ltd,2250.0,1,1,1,69794425.23817413,Huangshi Xingang Heavy Industry Technology Co Ltd,30.097108,115.284652
Siderca SAIC,2250.0,1,1,1,,TenarisSiderca Campana steel plant,-34.152554,-58.977388
Acciaierie Bertoli Safau SpA,2230.0,1,1,1,,Danieli ABS Pozzuolo del Friuli steel plant,46.008483,13.255117
JFE Bars & Shapes Corp,2220.0,3,1,1,10166868071.82332,JFE Bars & Shapes Himeji Works steel plant,34.784113,134.658493
BMM Ispat Ltd,2208.0,1,1,1,326466748.184155,BMM Ispat Danapur steel plant,15.16972,76.37971
Xiangfen County XinJinShan Special Steel Co Ltd,2200.0,1,1,1,517374334.2584018,Xiangfen County Xinjinshan Special Steel Co Ltd,35.934831,111.49707
Ferriere Nord SpA,2200.0,1,1,1,,Pittini Ferriere Nord Osoppo steel plant,46.232199,13.079104
Zhejiang Yuxin Industrial Co Ltd,2200.0,1,1,1,511578477.6555888,Zhejiang Yuxin Industrial Co Ltd,28.787202,120.248592
Aperam Stainless Belgium NV,2200.0,2,1,1,,Aperam Stainless Belgium Genk steel plant,50.933973,5.511494
HBIS Group Serbia Iron & Steel Beograd doo,2199.0,1,1,1,,HBIS GROUP Serbia Iron & Steel plant Belgrade,44.606332,20.970066
Metallus Inc,2198.0,2,1,1,,Metallus Harrison steel plant,40.778466,-81.396889
SeAH Besteel Holdings Corp,2101.0,1,1,1,,SeAH Besteel Gunsan steel plant,35.968596,126.609524
Anhui Langxi County Fuhang Steel Co Ltd,2100.0,1,1,1,86904812.1034762,Anhui Langxi Hongtai Iron and Steel Co Ltd,31.246635,119.120443
Corporacion Aceros Arequipa SA,2100.0,1,1,1,,Aceros Arequipa Pisco steel plant,-13.788622,-76.168173
Marcegaglia Holding SpA,2100.0,1,1,1,,Marcegaglia Fos Sur Mer steel plant,43.445004,4.846805
Suez Steel Company SAE,2080.0,1,1,1,,Suez Steel Solb Misr Attaka plant,29.927875,32.437744
Guangdong Yuebei United Steel Co Ltd,2055.0,1,1,1,114780320.39245096,Guangdong Yuebei United Steel Co Ltd,24.262452,113.728198
Guangdong Guangqing METAL Technology Co Ltd,2040.0,1,1,1,546325381.749661,Guangdong Guangqing Metal Technology Co Ltd,21.697069,111.848841
Xining Special Steel Co Ltd,2040.0,1,1,1,3718700727.8378444,Xining Special Steel Co Ltd,36.66856,101.671414
Yunnan Qujing Shuangyou Iron and Steel Co Ltd,2030.0,1,1,1,7472321818.171346,Yunnan Qujing Shuangyou Iron and Steel Co Ltd,25.54218,103.781041
Chongqing Zuhang Steel Co Ltd,2020.0,1,1,1,419108487.0652244,Chongqing Zuhang Iron and Steel Co Ltd,29.440056,105.741929
Xinjiang KingTec Steel Co Ltd,2001.0,1,1,1,93932.5409826021,Xinjiang Kingtec Steel Co Ltd,42.674192,86.280156
Heilongjiang Jianlong Iron and Steel Co Ltd,2001.0,1,1,1,125175844.19061546,Heilongjiang Jianlong Iron and Steel Co Ltd,46.602297,131.071877
PT The Master Steel MFG,2000.0,1,1,1,,Master Steel Jakarta Steel plant,-6.18421,106.920067
Alfa Acciai SpA,2000.0,1,1,1,,Alfa Acciai Brescia steel plant,45.508698,10.248464
Guangdong Jingye Iron and Steel Co Ltd,2000.0,1,1,1,7797595936.055308,Guangdong Jingye Iron and Steel Co Ltd,23.454666,116.498483
PT Xinheng Metal Indonesia,2000.0,1,1,1,,PT Xinheng Metal Morowali steel plant,-2.830574,122.157448
Wuhu Xinxing Ductile Iron Pipes Co Ltd,2000.0,1,1,1,1042494789.8844099,Wuhu Xinxing Ductile Iron Pipes Co Ltd,31.229893,118.150867
Xiangfen County Xingyuan Steel Group Co Ltd,2000.0,1,1,1,643103075.7903618,Xiangfen County Xingyuan Steel Group Co Ltd,35.880324,111.387956
Anyang Xinpu Steel Co Ltd,2000.0,1,1,1,17037663839.757977,Anyang Xinpu Steel Co Ltd,36.163203,114.296223
Arvand Kaveh Steel Co,2000.0,1,1,1,,Arvand Kaveh Steel Khoramshahr plant,30.505458,48.272024
Inner Mongolia Yaxinlongshun Special Steel Co Ltd,2000.0,1,1,1,2337622.9703656165,Inner Mongolia Yaxin Longshun Special Steel Co Ltd,40.689778,110.214707
Xuzhou Jinhong Iron and Steel Group Co Ltd,2000.0,1,1,1,62626478.12289046,Xuzhou Jinhong Iron and Steel Group Co Ltd,34.500122,116.908897
Fuzhou Wuhang Steel Products Co Ltd,2000.0,1,1,1,6512786661.363352,Fuzhou Wuhang Steel Products Co Ltd,25.995101,119.495725
Wuhai Baogang Wanteng Iron and Steel Co Ltd,2000.0,1,1,1,111523145.34028804,Wuhai Baogang Wanteng Iron and Steel Co Ltd,39.855971,106.886647
Wuhu Fuxin Iron & Steel Co Ltd,2000.0,1,1,1,203072621.1319695,Wuhu Fuxin Iron and Steel Co Ltd,31.194505,118.067833
Hebei Xinfeng High-pressure Flange and Pipe Fitting Co Ltd,2000.0,1,1,1,,Hebei Xinfeng Suez Canal Economic Zone steel complex,29.707611,32.28672
Cangzhou Lingang Sanling Metal Co Ltd,2000.0,1,1,1,90759574.23978685,Cangzhou Lingang Sanling Metal Co Ltd,38.311738,117.457779
Fujian Wuhang Stainless Steel Products Co Ltd,2000.0,1,1,1,6512786661.363352,Fujian Wuhang Stainless Steel Products Co Ltd,25.95923,119.452018
Hubei Shunle Iron and Steel Co Ltd,2000.0,1,1,1,96700424.06712171,Hubei Shunle Steel Co Ltd plant,29.925026,113.826118
Chizhou Guichi Guihang Metal Products Co Ltd,2000.0,1,1,1,189683194.67400867,Chizhou Guichi Guihang Metal Products Co Ltd,30.532786,117.25166
Luzhou Xinyang Vanadium Titanium Steel Co Ltd,2000.0,1,1,1,20271489.796361625,Luzhou Xinyang Vanadium Titanium Steel Co Ltd,28.851779,105.70509
Surjagad Ispat Pvt Ltd,2000.0,1,1,1,1744300.2223284245,Surjagad Ispat Gadchiroli steel plant,19.487201,79.968551
BERIS Jiangsu Heavy Industry Co Ltd,2000.0,1,1,1,178113102.28059617,Zhongye Dongfang Jiangsu Heavy Industry Co Ltd,32.104319,119.792126
Star Infrastructure Development Corp,2000.0,1,1,1,,Star Consortium steel plant,22.774191,91.574601
Arcelormittal Sestao SL,2000.0,1,1,1,,ArcelorMittal Sestao steel plant,43.313144,-2.998964
Inner Mongolia (Naiman) Jingan Non-ferrous Metal Materials Co Ltd,2000.0,1,1,1,755333747.2342982,Hebei Bishi Inner Mongolia iron and steel plant,43.696186,122.219433
Tangshan Wenfeng Special Steel Co Ltd,2000.0,1,1,1,146526011.7107865,Tangshan Wenfeng Special Steel Co Ltd,39.146541,118.432261
Iranian Sirjan Steel Co,2000.0,1,1,1,,Sirjan Iranian Steel Kerman Plant,29.928062,56.736539
Shandong Longsheng Iron and Steel Co Ltd,2000.0,1,1,1,2852374041.5661826,Shandong Longsheng Iron and Steel Co Ltd,36.891189,118.187041
Ege Celik Endustrisi Sanayi ve Ticaret AŞ,2000.0,1,1,1,,Ege Steel Aliaga plant,38.728005,26.940095
Acindar Industria Argentina de Aceros SA,2000.0,1,1,1,,ArcelorMittal Acindar Villa Constitución steel plant,-33.249936,-60.300415
Jiangsu Changqiang Iron & Steel Co Ltd,2000.0,1,1,1,5149260849.902505,Jiangsu Changqiang Iron and Steel Co Ltd,31.952064,120.189749
Guizhou United Steel (Group) Co Ltd,1990.0,1,1,1,288427354.33009654,Guizhou United Iron and Steel Group Co Ltd,27.591691,106.814024
Sev.en Global Investments AS,1970.0,2,2,1,,Se.ven GI Cardiff steel plant,51.479757,-3.137056
Shyam Steel Industries Ltd,1960.0,1,1,1,363171012.67553264,Shyam Steel Raghunathpur steel plant,23.590212,86.724603
Aceros Especiales Simec Tlaxcala SA de CV,1956.0,2,1,1,,Grupo Simec Apizaco Cholula steel plant,19.395628,-98.088777
Ezhou Hongtai Steel Co Ltd,1950.0,1,1,1,1723280956.9704273,Ezhou Hongtai Steel Co Ltd,30.532352,114.747597
Pavgord doo,1940.0,1,1,1,,Pavgord Zenica steel plant,44.224446,17.899815
Henan Changtai Stainless Steel Plate Co Ltd,1936.0,1,1,1,3849360572.403314,Henan Changtai Stainless Steel Plate Co Ltd,34.702951,112.955911
YK Steel Corp,1930.0,2,1,1,,YK Steel Dangjin plant,36.918106,126.643606
Zunyi Changling Special Steel Co Ltd,1925.0,1,1,1,3047624310.877063,Zunyi Changling Special Steel Co Ltd,27.614947,106.949752
Tangshan DELONG Steel Co Ltd,1920.0,1,1,1,218136816.73348233,Tangshan Delong Iron and Steel Co Ltd,39.19256,118.899533
Lucheng Xingbao Iron & Steel Co Ltd,1900.0,1,1,1,2719454994.077153,Changzhi Xingbao Steel Co Ltd,36.332449,113.15509
ShiGangJingCheng Equipment Development and Manufacturing Co Ltd,1900.0,1,1,1,758099574.9849542,ShiGangJingCheng Equipment Development and Manufacturing Co Ltd,40.626396,122.38884
Azna Steel,1900.0,1,1,1,,Azna Steel Lorestan plant,33.464353,49.391373
Angang Lianzhong Stainless Steel Corp,1900.0,1,1,1,23605391215.706425,Angang Lianzhong Stainless Steel Co Ltd,23.126822,113.505817
Shandong Minyuan Steel & Iron Co Ltd,1900.0,1,1,1,5882085161.067249,Shandong Minyuan Iron and Steel Co Ltd,36.728409,117.426582
Shandong Taigang Xinhai Stainless Steel Co Ltd,1860.0,1,1,1,374021532.01611346,Shandong Taigang Xinhai Stainless Steel Co Ltd,35.228556,119.084178
"Fugang METAL Manufacturing Co.ltd.,jilinjigang Steel Group",1860.0,1,1,1,218005645.09942687,Jilin Steel Group Fugang Metal Manufacturing Co Ltd,44.022802,125.505627
Hebei Huaxi Special Steel Co Ltd,1824.0,1,1,1,658638310.9064554,Hebei Huaxi Special Steel Co Ltd,39.260784,119.005925
Orissa Steel & Power Pvt Ltd,1804.0,1,1,1,47335285.52206003,Orissa Steel and Power Jhargram steel plant,22.3591,87.017184
Hbzx HIGH Tech Co Ltd,1800.0,1,1,1,11073664760.627905,Hebei Zhangxuan High Tech Co Ltd,40.607977,115.067516
Sichuan Shengquan Iron and Steel Group Co Ltd,1800.0,1,1,1,1180067619.3126886,Sichuan Shengquan Iron and Steel Group Co Ltd,31.255961,104.190612
Ecolant LLC,1800.0,1,1,1,,Ecolant steel plant,55.286989,42.169516
BES Brandenburger Elektrostahlwerke GmbH,1800.0,1,1,1,,Riva Brandenburg Electric Steel Works,52.402617,12.496135
Tangshan Fengnan Kaiheng Iron & Steel Co Ltd,1800.0,1,1,1,307330756.7732362,Tangshan Fengnan Kaiheng Iron and Steel Co Ltd,39.4632,118.247191
JO Steel Holdings PLC,1800.0,1,1,1,,JO Steel Holdings Ras Al Khair steel plant,27.491064,49.258418
Tianjin Tianfeng Steel Co Ltd,1800.0,1,1,1,805190129.0529438,Tianjin Tianfeng Steel Co Ltd,38.832642,117.102765
Nakayama Steel Works Ltd,1800.0,1,1,1,254812052510.10464,Nakayama Steel Works Osaka,34.628162,135.459688
Anshan Baode Iron & Steel Co Ltd,1800.0,1,1,1,4381066890.384275,Anshan Baode Iron and Steel Co Ltd,41.173613,122.945501
Ningxia Iron and Steel (Group) Co Ltd,1800.0,1,1,1,21396075.606333133,Ningxia Iron and Steel Group Co Ltd,37.503054,105.078348
Feng Hsin Steel Co Ltd,1800.0,1,1,1,,Feng Hsin Taichung Steel plant,24.31287,120.712774
G Steel PCL,1800.0,1,1,1,,Nippon Rayong Steel plant,12.793786,101.244592
Chongli Steel Manufacturing Co Ltd,1800.0,1,1,1,475205331.7791578,Chongli Steel Manufacturing Co Ltd,36.602468,113.755744
Nippon Steel Stainless Steel Corp,1799.0,2,1,1,1369220846.7925227,Nippon Stainless Steel Yamaguchi Works (Shunan Area) steel plant,34.059009,131.777221
Hezhou Zhaoxin Hardware Products Co Ltd,1750.0,1,1,1,90031801.82740928,Guangxi Guixin Iron and Steel Intelligent Manufacturing Co Ltd,23.978567,111.735529
Fuhai Group New Energy Holding Co Ltd,1750.0,1,1,1,,Fuhai Indonesia steel plant,-1.556636,103.679366
Baotou Deshun Spec. Steel Co Ltd,1750.0,1,1,1,1018690.4685914837,Baotou Deshun Special Steel Co Ltd,40.9019,110.336253
Republic Steel Corp,1727.0,2,1,1,,Republic Steel Lorain steel plant,41.450358,-82.131125
Guangxi Longzhou Zhongheng Wanhua Industrial Co Ltd,1725.0,2,1,1,14775761.727532735,Guangxi Guifeng Special Steel Co Ltd,23.987136,111.914197
Libyan Iron and Steel Co,1710.0,1,1,1,,Libyan Iron and Steel Misrata plant,32.335185,15.215053
Xuzhou TaiFa Special Steel Technology Co Ltd,1700.0,1,1,1,279149401.67212856,Xuzhou Taifa Special Steel Group Co Ltd,34.448514,117.271876
Chengde Zhaofeng Steel Group Co Ltd,1700.0,1,1,1,25938154.368309747,Chengde Zhaofeng Steel Group Co Ltd,40.593875,118.633334
Outokumpu Stainless AB,1700.0,2,2,1,,Outokumpu Tornio steel plant,65.767115,24.176472
Xuzhou Baofeng Special Steel Co Ltd,1700.0,1,1,1,1369908468.9113462,Xuzhou Baofeng Special Steel Co Ltd,34.364872,117.322633
Yunnan Jingye Steel Co,1700.0,1,1,1,59127258.8221577,Yunnan Jingye Steel Co Ltd,25.023852,102.312086
Public Investment Fund (Saudi Arabia); Baoshan Iron & Steel Co Ltd; Saudi Arabian Oil Co,1700.0,1,1,1,,BAP Al-Khair steel plant,27.502597,49.180369
Tangshan Jianlong Steel SPECIAL Steel Co Ltd,1700.0,1,1,1,3405149508.8777,Tangshan Jianlong Special Steel Co Ltd,40.167686,117.964004
CMC Poland SP zoo,1700.0,1,1,1,,CMC Zawiercie steel plant,50.487463,19.456759
Tongshan Liguo Iron and Steel Co Ltd,1700.0,1,1,1,261090607.59518936,Tongshan Liguo Iron and Steel Co Ltd,34.55486,117.327039
Licheng Taihang Iron & Steel Co Ltd,1700.0,1,1,1,231213739.23506635,Licheng Taihang Iron and Steel Co Ltd,36.472303,113.344155
Kurum International ShA,1700.0,1,1,1,,Kurum International Elbasan steel plant,41.094611,20.026117
Yuxi Huixi Metal Casting Products Co Ltd,1700.0,1,1,1,1153461107.3559847,Yuxi Huixi Metal Casting Products Co Ltd,24.360481,102.481118
Godo Steel Ltd,1700.0,3,1,1,176002564914.40576,Godo Steel Funabashi Works,35.697541,139.964104
Sterling Steel Co LLC,1698.0,1,1,1,,Leggett & Platt Sterling Steel plant,41.785971,-89.710947
Egyptian Steel Group,1660.0,2,1,1,,Egyptian Steel Ain Sokhna plant,29.64769,32.2789
Talleres y Aceros SA de CV,1650.0,1,1,1,,TYASA steel plant,18.869272,-97.047263
UMB Steel SRL,1650.0,2,1,1,,Otelu Rosu steel plant,45.512949,22.339896
Hebei YongYang Special Steel Group Co Ltd,1610.0,1,1,1,364664534.1041899,Hebei Yongyang Special Steel Group Co Ltd,36.786851,114.376132
Abinski Elektrometallurgicheski Zavod LLC,1600.0,1,1,1,,Abinsk Electric Steel Works,44.881938,38.12751
Shri Bajrang Power and Ispat Ltd,1600.0,1,1,1,450845929.98527956,Shri Bajrang Power & Ispat Tilda steel plant,21.48619,81.771697
Jiangsu Xingda Steel Group Co Ltd,1600.0,1,1,1,261090607.59518936,Jiangsu Xingda Steel Group,34.501981,117.316278
Chubu Steel Plate Co Ltd,1600.0,1,1,1,176716694372.9768,Chubu Steel Plate Nagoya plant,35.118836,136.867567
Jianglong Acheng Iron & Steel Co Ltd,1600.0,1,1,1,3851213851.5239058,Jianglong Acheng Iron and Steel Co Ltd,45.562002,126.968128
West Alborz Steel Co,1600.0,1,1,1,,West Alborz Ana Steel Zanjan plant,36.119574,49.306253
North American Stainless Inc,1600.0,1,1,1,,North American Stainless Ghent steel plant,38.725418,-85.076015
Hebei Baoxin Iron and Steel Group Co Ltd,1600.0,1,1,1,1340340843.3454995,Hebei Baoxin Iron and Steel Group Co Ltd,36.555205,114.108273
Sanyo Special Steel Co Ltd,1596.0,1,1,1,12333371034.581137,Nippon Sanyo Special Steel,34.788074,134.672046
Baicheng Fuda Bar Rolling Co Ltd,1588.0,1,1,1,4030918213.477184,Baicheng Fuda Bar Rolling Co Ltd,45.593303,122.895588
Natanz Steel Co,1583.0,1,1,1,,Natanz Steel Company Isfahan plant,33.428593,51.982273
Jiangsu HONGTAI Metals Ware Co Ltd,1576.0,1,1,1,3200493895.461697,Jiangsu Hongtai Iron and Steel Co Ltd,32.138393,119.554693
Malaysia Steel Works (KL) Bhd,1550.0,1,1,1,,Malaysia Steel Works Klang steel plant,3.077835,101.46448
Xinjiang Xin'an Special Steel Co Ltd,1550.0,1,1,1,2447855.543441533,Xinjiang Xinan Special Steel Co Ltd,44.290299,86.595826
Infrabuild Australia Pty Ltd,1530.0,2,1,1,,GFG Liberty Laverton Steel Mill,-37.831379,144.788169
Ningxia Boyu Hongxing Special Steel Group Co Ltd,1520.0,1,1,1,1044069289.8932406,Ningxia Boyu Hongxing Special Steel Group Co,39.273832,106.75146
Kalyani Steels Ltd,1509.0,1,1,1,319583186.94651854,Kalyani Steels Dhenkanal steel plant,20.601819,85.594653
Jilin Jingang Lron and Steel Co Ltd,1500.0,1,1,1,7056524178.650425,Jilin Jingang Iron and Steel Co Ltd,43.20023,124.335697
Jiangyin Huaxi Steel Co Ltd,1500.0,1,1,1,10086515908.61508,Jiangyin Huaxi Iron and Steel Co Ltd,31.816482,120.424347
JSW Steel USA Ohio Inc,1500.0,1,1,1,,JSW Steel USA Ohio plant,40.314891,-80.605553
Danyang Longjiang Steel Co Ltd,1500.0,1,1,1,5805245295.940704,Danyang Longjiang Steel Co Ltd,32.027791,119.57706
Tanshan Iron and Steel,1500.0,1,1,1,,Tangshan Iron and Steel Kim Chaek plant,40.67524,129.201745
Hyron Africa,1500.0,1,1,1,,HyIron Steel Namibia plant,-22.084183,17.4099154
Fasa Steel Complex Co,1500.0,1,1,1,,Fasa Steel Complex Fars,28.977453,53.867836
Butia Iranian Steel Co,1500.0,1,1,1,,Butia Iranian Steel Kerman plant,30.4912,56.8214
Ningxia Xinghua Iron and Steel Co Ltd,1500.0,1,1,1,1044069289.8932406,Ningxia Xinghua Iron and Steel Co Ltd,39.309571,106.79093
G J Steel PCL,1500.0,1,1,1,,Nippon Chonburi steel plant,13.054668,101.078842
Pasargad Steel Complex Co,1500.0,1,1,1,,Pasargad Steel Complex Fars,29.191019,52.845405
Mount Zynai 0304 Mining Corp,1500.0,1,1,1,,Mount Zynai Zamboanga Sibugay steel plant,7.716994,122.998671
Daido Steel Co Ltd,1500.0,1,1,1,27104407629.54368,Daido Steel Chita plant (Tokai),35.016404,136.864744
Kroman Celik Sanayii AS,1500.0,1,1,1,,Kroman Steel Darica plant,40.801101,29.374115
Gerdau Corsa SAPI de CV,1500.0,2,1,1,,Gerdau Corsa Ciudad Sahagún steel plant,19.753326,-98.596483
Chart and Capstone Integrated Ltd,1500.0,1,1,1,,Kogi Steel Project,7.69346,6.806937
Guangxi Wuzhou Jinhai Stainless Steel Co Ltd,1500.0,1,1,1,607979569.3111423,Guangxi Wuzhou Jinhai Stainless Steel Co Ltd,23.518229,111.235509
Century Steel Pte Ltd,1500.0,1,1,1,,Century Steel Khyber plant,34.072714,72.141584
Triangul Metals Tebinbulak JSC,1500.0,2,1,1,,Metallurgical Cluster Gallaaral steel plant,40.012819,67.573496
Perwaja Steel Sdn Bhd,1500.0,1,1,1,,Perwaja Kemaman Steel plant,4.264364,103.461728
Pomina Steel JSC,1500.0,2,1,1,,Pomina Steel 3 Phu My plant,10.577042,107.040324
Aichi Steel Corp,1495.0,1,1,1,110186877555.41345,Aichi Steel Chita plant (Tokai),35.044558,136.900772
Hospet Steels Ltd,1461.0,1,1,1,204245873.82605147,Hospet Steels Hospet plant,15.339055,76.251696
Arcelormittal Olaberria-Bergara SL,1450.0,1,1,1,,ArcelorMittal Olaberria-Bergara (Olaberria) steel plant,43.03829,-2.219625
Compania Siderurgica Huachipato SA,1450.0,1,1,1,,CAP Acero Huachipato steel plant,-36.746421,-73.129171
Torbat Heydarieh Steel Co,1450.0,1,1,1,,Torbat Heydarieh Khorasan Steel Complex,35.594882,59.205984
Acciai Speciali Terni SpA,1450.0,1,1,1,,Finarvedi Acciai Speciali Terni steel plant,42.564752,12.66936
Honghe Iron and Steel Co Ltd,1422.0,1,1,1,1145833787.5269697,WISCO Group Kunming Steel Co Ltd Honghe Iron and Steel Company,23.470733,103.272784
UMK-Stal LLC,1420.0,2,1,1,,Nadezhdinski Metallurgical Plant,59.593854,60.591196
Vyksunskiy Metallurgicheskiy Zavod AO,1400.0,1,1,1,,OMK Vyksa Casting and Rolling Complex,55.382815,42.188954
Heping Yueshen Steel Industrial Co Ltd,1400.0,1,1,1,922848789.0805657,Heping Yueshen Steel Industry Co Ltd,24.49796,114.93888
Shandong Luli Steel Co Ltd,1400.0,1,1,1,309288577.011094,Shandong Luli Steel Co Ltd,36.970875,118.955444
ESF Elbe-Stahlwerke Feralpi GmbH,1400.0,1,1,1,,ESF Elbe Stahlwerke Feralpi Riesa steel plant,51.3128,13.280386
Meghna Re-rolling and Steel Mills Ltd,1400.0,1,1,1,,Meghna Re-rolling and Steel Mills steel plant,23.585487,90.648875
Khorasan Steel Complex Co,1400.0,1,1,1,,Khorasan Steel Complex,36.3445,58.67875
Southern Steel Bhd,1400.0,1,1,1,,Southern Steel Prai Penang plant,5.399453,100.382177
Stomana Industry AD,1400.0,1,1,1,,Stomana Industry Pernik steel plant,42.595629,23.093095
Yunnan Qujing Iron and Steel Group Yanggang Iron and Steel Co Ltd,1400.0,1,1,1,135064897.5047968,Yunnan Qujing Iron and Steel Group Yanggang Iron and Steel Co Ltd,25.308777,103.876391
Lech Stahlwerke GmbH,1400.0,1,1,1,,Lech Stahlwerke Meitingen steel plant,48.512051,10.855292
Hebei Xinghua Iron and Steel Co Ltd,1400.0,1,1,1,2791499561.2492723,Hebei Xinghua Iron and Steel Co Ltd,36.744936,114.111602
Yantai Walsin Stainless Steel Co Ltd,1400.0,1,1,1,18963550948.945488,Yantai Walsin Stainless Steel Co Ltd,37.548627,121.277488
Yunnan Qujing Iron and Steel Group Co Ltd,1400.0,1,1,1,54580293.24053438,Yunnan Qujing Iron and Steel Group Fenghuang Steel Co Ltd,26.275342,104.168311
Abul Khair Steel Ltd,1400.0,1,1,1,,Abul Khair Steel Sitakunda plant,22.472008,91.734827
Riva Acciaio SpA,1380.0,2,1,1,,Riva Acciaio Caronno Pertusella steel plant,45.598187,9.035447
Grupo Acerero SA de CV,1375.0,1,1,1,,Grupo Acerero steel plant,22.087328,-100.901902
Captain Steel India Ltd,1352.0,2,1,1,1860795451.2235923,Captain Steel Garbeta steel plant,22.855859,87.345018
Qinglong Manzhu Autonomous County Delong Casting Industry Development Co Ltd,1350.0,1,1,1,14286152.175898882,Qinglong Manchu Autonomous County Delong Foundry Development Co Ltd,40.427008,119.219855
Sovel SA,1350.0,1,1,1,,Sovel Almyros steel plant,39.169632,22.840216
Tongling Fuxin Iron & Steel Co Ltd,1350.0,1,1,1,6386761084.181079,Tongling Fuxin Iron and Steel Co Ltd,30.907561,117.772866
Tata Steel (Thailand) PCL,1350.0,2,1,1,,Tata Steel Chonburi steel plant,13.052398,101.086795
Tianjin Tianzhong Giant Heavy Industry Co Ltd,1350.0,1,1,1,1572778754.3996863,Tianjin Tianzhong Giant Heavy Industry Co Ltd,39.501442,118.719554
Inner Mongolia Desheng Metal Products Co Ltd,1350.0,1,1,1,111523145.34028804,Inner Mongolia Desheng Metal Products Co Ltd,39.867015,106.890377
Hebei Huaxin Special Steel Co Ltd,1350.0,1,1,1,1439683054.8066726,Hebei Huaxin Special Steel Co Ltd,36.53048,114.245262
Jiangsu Delong Nickel Industry Co Ltd,1350.0,1,1,1,890142435.6329616,Jiangsu Delong Nickel Industry Co Ltd,34.443469,119.816574
Wulanhot Iron & Steel Co Ltd,1350.0,1,1,1,3362380016.537606,Wulanhot Steel Co Ltd,46.055685,122.063282
Mindong Saiqi Economic Development Zone Fuhua Steel Rolling Co Ltd,1325.0,1,1,1,283759824.5657374,Fujian Fuhua New Materials Group Co Ltd,26.961516,119.654272
Guizhou Ganglian Industrial Group Co Ltd,1325.0,1,1,1,3047624310.877063,Guizhou Ganglian Industrial Group Co Ltd,27.615147,106.949926
Jai Balaji Industries Ltd,1323.0,2,1,1,675745315.8269312,Jai Balaji Durgapur Unit IV steel plant,23.483075,87.352189
Interpipe Ltd,1320.0,1,1,1,,Interpipe Steel Plant,48.498914,35.096336
New Zealand Steel Ltd,1320.0,1,1,1,,BlueScope New Zealand Steel Glenbrook,-37.206878,174.728098
DST Nghi Son Iron and Steel JSC,1310.0,1,1,1,,DST Nghi Son steel plant,19.367379,105.675841
Chengde Shengfeng Iron & Steel Co Ltd,1301.0,1,1,1,714450516.0938448,Chengde Shengfeng Iron and Steel Co Ltd,40.622466,118.490845
AG Siderurgica Balboa SA,1300.0,1,1,1,,Grupo Gallardo Siderurgica Balboa Jerez de los Caballeros steel plant,38.326405,-6.767326
Yesilyurt Demir Celik Endustri Ve Liman Isletmeleri AŞ,1300.0,1,1,1,,Yesilyurt Iron and Steel Tekkekoy plant,41.241199,36.442055
Hoa Sen Group,1300.0,1,1,1,,Hoa Sen Phu My steel plant,10.595295,107.044846
Siderurgica Sevillana SA,1300.0,1,1,1,,Riva Siderurgica Sevillana steel plant,37.362968,-5.886865
Diler Demir Celik Endustri ve Ticaret AŞ,1300.0,1,1,1,,Diler Iron and Steel Dilovasi plant,40.783161,29.533568
Sulb Company BSCC,1300.0,1,1,1,,Sulb Bahrain Al Hidd steel plant,26.198152,50.679893
Ajaokuta Steel Co Ltd,1300.0,1,1,1,,Ajaokuta Steel plant,7.511336,6.689364
Hengyang Valin Steel Tube Co Ltd,1300.0,1,1,1,8841440925.872505,Hengyang Valin Steel Tube Co Ltd,26.865484,112.576853
Iran Alloy Steel Co,1300.0,1,1,1,,Iran Alloy Steel Company Yazd plant,31.940106,54.037614
National Steel Complex Ltd,1280.0,1,1,1,,National Steel Complex Limited Karachi steel plant,24.794779,67.353032
Kocaer Çelik Sanayi ve Ticaret AŞ,1250.0,1,1,1,,Kocaer Çelik Aliaga steel plant,37.858651,27.845846
Acciaierie di Verona SpA,1250.0,1,1,1,,Pittini Acciaierie di Verona steel plant,45.42882,11.000861
Mass Iraq Iron and Steel Industry Co,1250.0,1,1,1,,Mass Iron and Steel Industry Co Sulaimaniya plant,35.660125,45.039062
Bashundhara Multi Steel Industries Ltd,1250.0,1,1,1,,Bashundhara Steel Mirsarai plant,22.719278,91.470382
Ekinciler Demir ve Celik Sanayi AŞ,1250.0,1,1,1,,Ekinciler Iron and Steel Iskenderun plant,36.690115,36.205739
Azerbaijan Integrated Steel Mill Complex,1250.0,1,1,1,,Azerbaijan Integrated Steel Mill Complex,40.721908,46.363526
Dnipro Metallurgical Plant PJSC,1230.0,1,1,1,,DCH Dnipro Metallurgical Plant,48.48079,34.978097
Tubos de Acero de Mexico SA,1230.0,1,1,1,,Tenaris TAMSA Veracruz steel plant,19.182499,-96.237284
Celsa Huta Ostrowiec SP zoo,1220.0,1,1,1,,Celsa Huta Ostrowiec steel plant,50.947305,21.448763
Feralpi Siderurgica SpA,1216.0,1,1,1,,Feralpi Siderurgica Lonato steel plant,45.460582,10.456748
Fujian Longgang New Materials Co Ltd,1210.0,1,1,1,81212030.76822813,Fujian Longgang New Materials Co Ltd,25.357408,117.362096
Charter Manufacturing Co Inc,1205.0,2,1,1,,Charter Steel Cleveland plant,41.443147,-81.659911
Ozkan Demir Celik Sanayi AŞ,1200.0,1,1,1,,Ozkan Iron and Steel Aliaga plant,38.737005,26.950824
United Steel Industries Co KSCC,1200.0,1,1,1,,United Steel Industrial Kuwait Steel Sharq plant,28.989306,48.128118
Guangxi Guigang Iron and Steel Group Guigang Guibao SPECIAL Steel Co Ltd,1200.0,1,1,1,6503602261.824279,Guangxi Guigang Iron and Steel Group Guigang Guibao Special Steel Co Ltd,23.089502,109.63938
Guangxi Liugang Zhongjin Stainless Steel Co Ltd,1200.0,1,1,1,221366537.43015066,Guangxi Liugang Zhongjin Stainless Steel Co Ltd,21.67261,109.741866
Solb Steel Co,1200.0,1,1,1,,Solb Steel Jizan plant,17.298475,42.352338
Asia United Steel,1200.0,1,1,1,,Asia United Steel plant,43.600662,76.317112
Kazakhstal LLP,1200.0,1,1,1,,Kazakhstal steel plant,49.8902647,73.7561639
Yunnan Qujing Iron & Steel Group Yue Steel Iron & Steel Co Ltd,1200.0,1,1,1,135064897.5047968,Yunnan Qujing Iron & Steel Group Yue Steel Iron & Steel Co Ltd,25.304544,103.889418
Zhejiang Wantai Special Steel Co Ltd,1200.0,1,1,1,3208888731.268896,Zhejiang Wantai Special Steel Co Ltd,30.944342,120.971803
Acerinox Europa SAU,1200.0,1,1,1,,Acerinox Europa Los Barrios steel plant,36.181686,-5.426626
Ussuri Capital,1200.0,1,1,1,,Ussuri Capital Romania steel plant,44.133338,28.64001
Koc Metalurji AŞ,1200.0,1,1,1,,Koc Metallurgical Toprakkale steel plant,37.01488,36.104416
AFV Acciaierie Beltrame SpA,1200.0,1,1,1,,AFV Accaierie Beltrame Vicenza steel plant,45.522097,11.499295
Halyvourgiki SA,1200.0,1,1,1,,Halyvourgiki Eleusis steel plant,38.043873,23.508083
Bafgh Mineral Complex Iron & Steel Co,1200.0,1,1,1,,Bafgh Mineral Complex Iron and Steel Yazd plant,31.699307,55.440187
Khouzestan Oxin Steel Co,1200.0,1,1,1,,Khouzestan Oxin Steel,31.277236,48.747422
Egyptian American Steel Rolling Company SAE,1200.0,1,1,1,,Egyptian American Steel Rolling Company Sadat City plant,30.389174,30.571894
Shanxi Dongfang Hengliu Precision Casting Co,1200.0,1,1,1,586782703.6351858,Shanxi Dongfang Hengliu Precision Casting Co,36.080051,111.647754
natural person(s); Hubei Xinxin Steel Group Co Ltd,1200.0,1,1,1,1002488417.5250294,Daye Xinye Special Steel Co Ltd,30.067469,114.934091
Nucor Steel Tuscaloosa Inc,1200.0,1,1,1,,Nucor Steel Tuscaloosa plant,33.234761,-87.508498
Henan Fuhua Iron & Steel Group Co Ltd,1200.0,1,1,1,3251997907.564753,Henan Fuhua Steel Group Co Ltd,34.462949,113.700844
Huahong Iron and Steel Products Co Ltd,1200.0,1,1,1,468805622.32278705,Lishui Huahong Iron and Steel Products Co Ltd,28.090098,119.519509
JSW Ispat Special Products Ltd,1200.0,1,1,1,213067224.22470316,JSW Steel Raigarh steel plant,21.983709,83.238133
Anyang Huixin Special Steel Co Ltd,1200.0,1,1,1,3691623504.775808,Anyang Huixin Special Steel Co Ltd,36.152418,114.15839
SeAH Changwon Integrated Special Steel Corp,1200.0,1,1,1,,SeAH Changwon Integrated Special Steel plant,35.204191,128.604277
Moon Iron and Steel Company SAOC,1200.0,1,1,1,,Moon Iron & Steel Company Sohar plant,24.409437,56.520134
SeAh Steel Holdings Corp,1200.0,1,1,1,,SeAH Steel Pohang plant,35.991176,129.375791
Shaanxi Huaxin Special Steel Group Co Ltd,1200.0,1,1,1,179102021.36746305,Shaanxi Huaxin Special Steel Group Co Ltd,34.523278,109.986042
Vina One Steel Manufacturing Corp,1200.0,1,1,1,,Vina One Steel Ben Luc steel plant,10.636835,106.517595
Chadormalu Mining & Industrial Co,1200.0,1,1,1,,Chadormalu Mining and Industrial Company Yazd steel plant,32.387328,53.747706
Guilin Pinggang Iron and Steel Co Ltd,1200.0,1,1,1,33714093.6953855,Guilin Pinggang Iron and Steel Co Ltd,24.673567,110.78959
Wuhan Shunle Stainless Steel Co Ltd,1200.0,1,1,1,11843724400.76606,Wuhan Shunle Stainless Steel Co Ltd,30.394434,114.257701
Celsa France SAS,1200.0,1,1,1,,Celsa France Boucau steel plant,43.529693,-1.500971
Prakash Industries Ltd,1190.0,1,1,1,465552274.1725282,Prakash Industries Janjgir steel plant,22.004694,82.671666
Yazdani Steel and Power Ltd,1190.0,1,1,1,864289310.3874147,Yazdani Steel and Power Kalinganagar steel plant,20.928285,86.036604
Crest Steel and Power Pvt Ltd,1176.0,1,1,1,1306781871.7744355,Crest Steel and Power Mangatta steel plant,21.190313,81.19922
MSP Steel & Power Ltd,1173.0,1,1,1,122199505.11316605,MSP Steel & Power Raigarh plant,21.87673,83.554495
Guangxi Hezhou Kexinda Metal Products Co Ltd,1150.0,1,1,1,90031801.82740928,Guangxi Hezhou Kexinda Metal Products Co Ltd,23.979937,111.745037
Tianjin Rongcheng Group Tangshan Special Steel Co Ltd,1150.0,1,1,1,9710283612.501226,Tianjin Rongcheng Group Tangshan Special Steel Co Ltd,39.551552,118.137993
ETRHB Industrie SpA,1150.0,1,1,1,,ETRHB Annaba steel plant,36.834412,7.45494
Bangladesh Steel Re-Rolling Mills Ltd,1150.0,1,1,1,,BSRM Ltd Mirsarai steel plant,22.870631,91.545862
Yuxi Iron and Steel Group Zhenfei Iron and Steel Co Ltd,1110.0,1,1,1,106654789.90736285,Yuxi Iron and Steel Group Zhenfei Iron and Steel Co Ltd,24.074756,102.765983
Xinjiang Minxin Iron and Steel (Group) Minhang Special Steel Co Ltd,1110.0,1,1,1,1337515.1727294303,Xinjiang Minxin Iron and Steel Group Minhang Special Steel Co Ltd,44.080866,88.417209
Siam Yamato Steel Co Ltd,1100.0,2,1,1,,Siam Yamato Steel Map Ta Phut plant,12.674898,101.147002
Wuxi Xinsanzhou Special Steel Co Ltd,1100.0,1,1,1,11935089663.247892,Wuxi Xinsanzhou Steel Co Ltd,31.681005,120.251785
Jilinheng Precision Casting Technology Co Ltd,1100.0,1,1,1,10768816.011382872,Panshi Jianlong Iron and Steel Co Ltd,43.196537,126.00063
ABA Çelik Demir LŞ,1100.0,1,1,1,,Aba Iron and Steel Payas plant,36.747413,36.21733
Guangdong Guangqing Metal Technology Co Ltd,1100.0,1,1,1,5052871258.0219145,Posco Zhangjiagang Stainless Steel Co Ltd,31.980237,120.571455
Stahlwerk Thueringen GmbH,1100.0,1,1,1,,CSN Stahlwerk Thüringen Unterwellenborn steel plant,50.654574,11.43745
Gaolan County Lanxin Steel Co Ltd,1100.0,1,1,1,4705947.349746395,Lanxin Steel Group Co Ltd plant,36.488866,103.922
Hubei Wucheng Iron and Steel Group Co Ltd,1100.0,1,1,1,14250230836.869875,Hubei Wucheng Iron and Steel Group Co Ltd,30.341239,114.857744
ArcelorMittal Hamburg GmbH,1100.0,1,1,1,,ArcelorMittal Hamburg steel plant,53.522601,9.900749
Novorossiysk Rolling Plant LLC,1100.0,1,1,1,,Novorossiysk Rolling Plant Rostov,47.740457,40.189445
SN SEIXAL Siderurgia Nacional SA,1100.0,1,1,1,,SN SEIXAL Siderurgia Nacional steel plant,38.616023,-9.068527
Ovako AB,1075.0,2,2,1,,Ovako Imatra steel plant,61.149466,28.798774
Kapila Metals Pvt Ltd,1074.0,1,1,1,100155279.26306468,Kapila Metals Jalna steel plant,19.874223,75.817553
GPH Ispat Ltd,1051.0,1,1,1,,GPH Steel Sitakunda plant,22.536569,91.700729
Eden Flame Sdn Bhd,1050.0,1,1,1,,Esteel Eden Flame Johor steel plant,1.451512,103.917306
Yazici Demir Celik Sanayi ve Turizm Ticaret AŞ,1050.0,1,1,1,,Yazici Iron and Steel Iskenderun plant,36.685932,36.206275
Sunflag Iron and Steel Co Ltd,1025.0,1,1,1,158719364.06818208,Sunflag Iron and Steel plant,21.232929,79.632398
Guangdong Taidu Iron & Steel Co Ltd,1020.0,1,1,1,1746497357.0257854,Guangdong Taidu Iron & Steel Co Ltd,23.504558,112.962693
Guizhou Hexing Metal Products Co Ltd,1020.0,1,1,1,30310794.301979743,Guizhou Hexing Steel Co Ltd,26.509525,107.570458
Arjas Steel Pvt Ltd,1005.0,1,1,1,216622786.99645334,Arjas Steel Tadipatri plant,14.873471,78.048425
Siderurgica Norte Brasil SA,1004.0,1,1,1,,Sinobras Marabá steel plant,-5.414287,-49.081305
Outokumpu Stainless USA LLC,1000.0,1,1,1,,Outokumpu Stainless USA steel plant,31.148179,-87.98866
Xinjiang Yili Iron and Steel Co Ltd,1000.0,1,1,1,36347068.67769812,Xinjiang Yili Iron and Steel Co Ltd,43.526808,83.294323
Premium Steel and Mines Ltd,1000.0,1,1,1,,Premium Steel Warri plant,5.480763,5.769839
Cambodia Iron & Steel Mining Industry Group Co Ltd,1000.0,1,1,1,,Cambodia Iron and Steel Preah Vihear Plant,13.366642,105.118129
Amreli Steels Ltd,1000.0,1,1,1,,Amreli Steels Dhabeji plant,24.800326,67.504851
HES Hennigsdorfer Elektrostahlwerke GmbH,1000.0,1,1,1,,Riva Hennigsdorfer Electric Steel Works,52.650903,13.212683
Neyriz Ghadir Steel Co,1000.0,1,1,1,,Neyriz Ghadir Steel Company Fars plant,29.168087,54.621487
Xinjiang Da'an Special Steel Co Ltd,1000.0,1,1,1,21656190.748155303,Xinjiang Daan Special Steel Co Ltd,42.700465,93.542466
Wuzhou Yongda Special Steel Co Ltd,1000.0,1,1,1,607979569.3111423,Wuzhou Yongda Special Steel Co Ltd,23.520307,111.229981
Perfect Channel Sdn Bhd,1000.0,1,1,1,,Perfect Channel Gurun steel plant,5.778871,100.49907
Yieh United Steel Corp,1000.0,1,1,1,,Yieh United Steel Kaohsiung plant,22.830857,120.300604
Walsin Lihwa Corp,1000.0,1,1,1,,Walsin Lihwa Tainan stainless steel plant,23.295835858147463,120.24399172517494
Fujian Hongfeng Industrial Group Co Ltd,1000.0,1,1,1,29883675.310433295,Fujian Hongfeng Industrial Group Co Ltd,26.868423,117.776369
Weglokoks Stal SP zoo,1000.0,1,1,1,,Weglokoks Ruda Slaska steel plant,50.289858,18.874414
National Steel Co,1000.0,1,1,1,,Al Ittefaq National Steel Dammam plant,26.244786,49.969064
Arfa Iron and Steel Co,1000.0,1,1,1,,Arfa Iron and Steel Yazd plant,32.39309,53.7566
Jilin Steel Group Taihua Metal Equipment Manufacture Co Ltd,1000.0,1,1,1,912548532.864007,Jilin Steel Group Taihua Metal Equipment Manufacture Co Ltd,44.138826,125.914941
Tosyali Iron and Steel Angola SA; Sonangol EP,1000.0,1,1,1,,Tosyali Sonangol Kassinga Iron and Steel plant,-15.263743,16.065494
Ittehad Steels Pvt Ltd,1000.0,1,1,1,,Ittehad Steel Faisalabad plant,31.643426,73.198542
Hellenic Halyvourgia SA,1000.0,1,1,1,,Hellenic Halyvourgia Velestino steel plant,39.38588,22.80745
Ferriera Valsabbia SpA,1000.0,1,1,1,,Ferriera Valsabbia Odolo steel plant,45.642905,10.380199
Unitex Steel Mills Ltd,1000.0,1,1,1,,Unitex Steel Mills Feni steel plant,22.945182,91.512387
Tung Ho Steel Vietnam Corp Ltd,1000.0,1,1,1,,Tung Ho Steel Phu My plant,10.551445,107.04368
Vina Kyoei Steel Ltd Co,1000.0,1,1,1,,Vina Kyoei Steel Phu My plant,10.601423,107.040679
SUE DPR UMP,1000.0,1,1,1,,Yuzovsky Metallurgical Plant,47.982276,37.810634
Xinjiang Ka Steel Group Co,1000.0,1,1,1,4239302.117930701,Xinjiang Ka Steel Group Co,39.142997,76.161589
Posco Vietnam Co Ltd,1000.0,1,1,1,,POSCO Vietnam Phu My steel plant,10.560316,107.02684
PT Mandan Steel,1000.0,1,1,1,,CNR Mandan Steel South Kalimantan plant,-3.339296,115.927125
Peiner Traeger GmbH,1000.0,1,1,1,,Salzgitter Peiner Träger Peine steel plant,52.313935,10.258482
Daehan Steel Co Ltd,1000.0,1,1,1,,DaehanSteel Noksan steel plant,35.099098,128.860339
Dazhou Hangda Steel Co Ltd,1000.0,1,1,1,49607605.43538932,Hangda Steel Co Ltd,31.435149,107.685981
Maghreb Steel SA,1000.0,1,1,1,,Mahgreb Steel Bled Solb plant,33.632918,-7.434084
African Natural Resources & Mines Ltd,1000.0,1,1,1,,African Natural Resources and Mines Kaduna steel plant,9.462715,7.368
Kurdistan Steel Co,1000.0,1,1,1,,Kurdistan Steel Qorveh steel plant,35.936932,47.762024
Shengli (Qingyuan) Steel Products Co Ltd,1000.0,1,1,1,1383225148.037752,"Shengli (Qingyuan) Steel Products Co., Ltd.",23.553041,113.119942
Moldova Steel Works JSC,1000.0,1,1,1,,JSC Moldova Steel Works,47.783771,29.02835
Sinosteel Corp Ltd,1000.0,1,1,1,,Sinosteel Kenya steel plant,0.461697,37.991283
Mescier Demir Celik AŞ,1000.0,1,1,1,,Mescier Iron and Steel Bartin plant,41.565932,32.427758
Ashinskiy Metzavod PJSC,1000.0,1,1,1,,Ashinskiy Metallurgical plant,54.99484,57.277548
Dniprospetsstal Plant PJSC,1000.0,1,1,1,,Dniprospetstaal Zaporizhzhia steel plant,47.8599249,35.1613272
Nervacero SA,1000.0,1,1,1,,Celsa Nervacero steel plant,43.30806,-3.026309
Eqlid Pars Steel Co,1000.0,1,1,1,,Eqlid Steel Pars plant,30.944867,52.892849
Vallourec Soluções Tubulares do Brasil SA,1000.0,1,1,1,,Vallourec Jeceaba steel plant,-20.582683,-43.971555
Devki Group,1000.0,1,1,1,,Devki Group Tororo steel plant,0.681522,34.178037
TT Iron Steel Company Ltd,1000.0,1,1,1,,TT Iron and Steel Point Lisas steel plant,10.403605,-61.482939
Jiangxi Taixin Iron & Steel Co Ltd,1000.0,1,1,1,24651705.83317486,Jiangxi Taixin Iron and Steel Co Ltd,28.60445,118.163615
Ardakan Steel Complex Co,1000.0,1,1,1,,Ardakan Steel Yazd plant,32.373942,53.759655
Çağ Çelik Iron and Steel Inc,1000.0,1,1,1,,Cag Celik steel plant,41.23542,32.645679
Abu Dhabi National for Building Materials Co PJSC,1000.0,1,1,1,,BILDCO Abu Dhabi steel plant,24.37872,54.475153
Jingzhou Qunli Metal Products Co Ltd,1000.0,1,1,1,118075214.85034539,Jingzhou Qunli Metal Products Co Ltd,30.3505,112.353782
Anhui Jingxian Longxin Iron and Steel Co Ltd,1000.0,1,1,1,271114715.91688704,Anhui Jingxian Longxin Iron and Steel Co Ltd,30.709058,118.436638
Devki Steel Mills Ltd,1000.0,1,1,1,,Devki Steel Mills Kwale plant,-3.788806,39.316741
Fushun Special Steel Co Ltd,999.0,1,1,1,8540543698.927486,Fushun Special Steel Co Ltd,41.838774,123.806586
Qianxinan Prefecture Juxin Industry & Trade General Co,990.0,1,1,1,259782939.28469855,Guizhou Juxin Iron and Steel Group Co Ltd,25.150857,105.041722
Topy Industries Ltd,960.0,1,1,1,6515425440.511312,Topy Industries Toyohashi steel plant,34.719644,137.322259
Fujian Qingtuo New Material Co Ltd,958.0,1,1,1,11794218.386546498,Fujian Qingtuo New Material Co Ltd,26.779301,119.767935
Chelyabinskiy Truboprokatnyi Zavod JSC,950.0,1,1,1,,Pervouralsk Pipe Plant,56.90205,59.992198
Taganrogskiy Metallurgicheskiy Zavod JSC,950.0,1,1,1,,TMK Taganrog Metallurgical Plant,47.241557,38.928584
Duferco Travi e Profilati SpA,950.0,1,1,1,,Duferco Travi e Profilati San Zeno Naviglio steel plant,45.478363,10.209234
Jinye Steel Group Co Ltd,950.0,1,1,1,1182364306.7889879,Jinye Iron and Steel Group Co Ltd,36.148131,113.209523
Severskiy Trubnyi Zavod JSC,950.0,1,1,1,,TMK Seversky Pipe plant,56.478428,60.249411
Yuxi Xinxing Iron & Steel Co Ltd,948.0,1,1,1,204193710.09956524,WISCO Group Kunming Steel Co Ltd Yuxi Xinxing Steel Company,24.249024,102.521747
Longchuan Hanghui Steel Co Ltd,930.0,1,1,1,1069393003.8951043,Longchuan Hanghui Steel Co Ltd,24.113189,115.215068
Fengshun County Dongfang Metal Casting Co Ltd,930.0,1,1,1,453215982.2079722,Fengshun County Dongfang Metal Continuous Casting Co Ltd,23.749104,116.138262
Guangdong Taiye Hongda Steel Co Ltd,920.0,1,1,1,1746497357.0257854,"Guangdong Taiye Hongda Steel Co., Ltd.",23.54332928798603,112.99082407443541
Guangdong Shengye Steel Co Ltd,920.0,1,1,1,106278554.73135719,Guangdong Shengye Steel Co Ltd,24.008564,114.797328
Al Atoun Steel Industries,910.0,1,1,1,,Al Atoun Yanbu steel plant,24.029,38.180077
Ann Joo Integrated Steel Sdn Bhd,900.0,1,1,1,,Ann Joo Integrated Steel Penang plant,5.380391,100.377598
PT Jakarta Prima Steel Industries,900.0,1,1,1,,Jakarta Prima Steel Industries plant,-6.181643,106.932331
Baotou Jiyu Steel Co Ltd,900.0,1,1,1,563557793.4713724,Inner Mongolia Baotou Jiyu Iron and Steel Co Ltd Hondlon District,40.662343,109.696243
Ezz Steel Co,900.0,1,1,1,,Ezz Steel Rebar Sadat City plant,30.382179,30.563029
Aperam Inox America do Sul SA,900.0,1,1,1,,Aperam Timóteo steel plant,-19.531272,-42.639979
Guangdong Shiji Qingshan Nickel Industry Co Ltd,900.0,1,1,1,546325381.749661,Guangdong Shiji Qingshan Nickel Industry Co Ltd,21.687053,111.848893
Volzhskiy Trubnyi Zavod JSC,900.0,1,1,1,,Volzhsky Pipe Plant,48.804332,44.79408
Nucor Steel Memphis Inc,891.0,1,1,1,,Nucor Steel Memphis plant,35.048395,-90.163033
Guangshui Huaxin Smelt Industry Co Ltd,869.0,1,1,1,39099648.249599755,Guangshui Huaxin Metallurgical Industry Co Ltd,31.50221,114.008142
Çebitaş Demir Çelik Endüstrisi AŞ,860.0,1,1,1,,Cebitas steel plant,38.74074,26.951743
Guangdong Hongde Steel Group Co Ltd,860.0,1,1,1,2371893017.6045723,Guangdong Hongde Steel Group Co Ltd,24.672351,113.535574
Cascade Steel Rolling Mills Inc,860.0,1,1,1,,Cascade Steel Rolling Mills,45.228035,-123.163599
Tangshan Shoutang Baosheng Functional Materials Co Ltd,860.0,1,1,1,1356006637.3997142,Tangshan Shoutang Baosheng Functional Materials Co Ltd,39.751793,118.490004
Nucor Steel Seattle Inc,855.0,1,1,1,,Nucor Steel Seattle plant,47.569597,-122.367395
Rajhi Steel Industries Co Ltd,850.0,1,1,1,,Rajhi Al Assemah Steel Jeddah plant,21.290402,39.183444
Columbus Stainless (Pty) Ltd,850.0,1,1,1,,Acerinox Columbus Stainless steel plant,-25.796313,29.497972
KVV Liepājas metalurgs AS,850.0,1,1,1,,Liepājas Metalurgs steel plant,56.525273,21.0267
Luoyang Luogang Group of Steel and Iron Co Ltd,850.0,1,1,1,898607349.1565193,Luoyang Luogang Group of Steel and Iron Co Ltd,34.798477,112.580505
Lamines Marchands Europeens SA,850.0,1,1,1,,LME Trith-Saint-Léger steel plant,50.3292,3.490913
Societe des Aciers d'Armature pour le Beton SAS,850.0,1,1,1,,Riva Sam Neuves-Maisons steel plant,48.611482,6.111864
Zhengzhou YONGTONG SPECIAL Steel Co Ltd,850.0,1,1,1,349309237.1561481,Zhengzhou Yongtong Special Steel Co Ltd,34.64443,112.937985
Marcegaglia Stainless Sheffield Ltd,850.0,1,1,1,,Marcegaglia Sheffield steel plant,53.399598,-1.395818
Yunnan Muguang Industry and Trade Co Ltd,850.0,1,1,1,106654789.90736285,Yunnan Muguang Industry and Trade Co Ltd,24.077079,102.771634
Ministry of Defense (Poland),840.0,1,1,1,,Huta Czestochowa steel plant,50.782614,19.165566
Wu'an Yongcheng Zhuye Co Ltd,830.0,1,1,1,188809636.46592227,Wu'an Yongcheng Zhuye Co Ltd,36.660278,113.993995
Sichuan Ya'an Anshan Iron and Steel Co Ltd,830.0,1,1,1,388037.3015476711,Sichuan Yaan Anshan Iron and Steel Co Ltd,30.059133,102.625907
Novasco BV,825.0,1,1,1,,Novasco Hagondange steel plant,49.241492,6.152631
Ann Joo Steel Bhd,820.0,1,1,1,,Ann Joo Steel Selangor plant,3.042585,101.537011
Aktobe Generatsiya LLC,818.0,1,1,1,,Aktobe Generatsiya steel plant,50.355117,57.145119
KSP Steel LLC,814.0,1,1,1,,KSP Steel Pavlodar steel plant,52.334465,76.956302
UMC Metals Ltd,805.0,1,1,1,,UMC Metals Chon Buri steel plant,13.275832,100.969791
Hmisho Steel SA,800.0,1,1,1,,Hmisho Steel Hassia plant,34.364258,36.803848
Sidenor Steel Industry SA,800.0,1,1,1,,Sidenor Steel Industry Thessaloniki plant,40.704458,22.816542
Gallantt Ispat Ltd,800.0,1,1,1,881769082.2374166,Gallantt Ispat Gorakhpur steel plant,26.757009,83.199086
North West Steel Industries Co,800.0,1,1,1,,North West Steel Industries Ariq plant,37.127089,46.17345
Hwanyoung Steel Industries Co Ltd,800.0,1,1,1,,Hansco Hwanyoung Steel Dangjin plant,36.956486,126.616956
Thai Nguyen Iron And Steel JSC,800.0,1,1,1,,Thai Nguyen Iron and Steel plant,21.557484,105.8728
Vertra Steel Industry and Trade Corp,800.0,1,1,1,,Vertra Celik Sarımazı steel plant,36.945926,36.001643
Shengli Vietnam Special Steel Co Ltd,800.0,1,1,1,,Shengli Vietnam Special Steel An Bai plant,20.652657,106.440208
Riva Industries,800.0,1,1,1,,Riva Industries Jorf Lasfar steel plant,33.165438,-8.5883
Sabzevar Pars Steel Complex,800.0,1,1,1,,Sabzevar Steel Complex Razavi Khorasan,36.58952,57.571719
Inner Mongolia Mingtuo Ferrite New Material Co Ltd,800.0,1,1,1,563557793.4713724,Inner Mongolia Mingtuo Ferrite New Material Co Ltd,40.597557,109.683202
Thy-Marcinelle SA,800.0,1,1,1,,Thy Marcinelle Charleroi steel plant,50.410335,4.429693
Hadeed Metal Manufacturing Co,800.0,1,1,1,,Hadeed Metal Manufacturing Co Damascus steel plant,33.626258,36.574968
Med-steel Ltd,800.0,1,1,1,,Medsteel Adra steel plant,33.628437,36.57259391534359
Sentuo Steel Ltd,800.0,1,1,1,,Sentuo Steel Tema plant,5.691267,-0.001073
KSRM Steel Plant Ltd,800.0,1,1,1,,KSRM Sitakunda steel plant,22.499834,91.715778
Ghaenat Steel Complex,800.0,1,1,1,,Ghaenat Steel Complex South Khorasan,33.926909,59.007852
QazSpetsSteel LLC,800.0,1,1,1,,QazSpetsSteel Aktobe steel plant,50.286408,57.168382
Millcon Steel PCL,800.0,1,1,1,,Millcon Steel Rayong steel plant,12.819544,101.152954
Mianeh Steel,800.0,1,1,1,,Miyaneh Steel East Azerbaijan steel plant,37.37881,47.736689
Baku Steel Company QSC,800.0,1,1,1,,Baku Steel Company steel plant,40.43136,49.886867
Cristian Lay SL,800.0,1,1,1,,Grupo Gallardo Corrugados Azpeitia steel plant,43.179125,-2.255939
Iranian Alborz Steel Co,800.0,1,1,1,,Iranian Alborz Steel Mazandaran plant,36.614049,53.234213
Nucor Steel Kankakee Inc,794.0,1,1,1,,Nucor Steel Kankakee plant,41.180734,-87.856196
Arian Steel Co,790.0,1,1,1,,Arian Steel Fath Abad plant,35.744901,50.222553
Hezhou Xindu Sanyuan Casting Co Ltd,780.0,1,1,1,90031801.82740928,Guangxi Hezhou Pengda New Materials Co Ltd,23.987007,111.739775
BSRM Steels Ltd,770.0,1,1,1,,BSRM Steels Mirsarai plant,22.873774,91.545562
Mono Steel (India) Ltd,770.0,1,1,1,31833855.18768871,Mono Steel Gandhidham plant,23.312265,70.201953
NLMK Indiana LLC,770.0,1,1,1,,NLMK Indiana steel plant,41.625912,-87.159989
Prakash Sponge Iron and Power Pvt Ltd,765.0,1,1,1,10655640.702493113,Prakash Sponge Iron and Power Challakere steel plant,14.152912,76.665824
Haicheng Hengsheng Casting Co Ltd,760.0,1,1,1,722648668.565372,Haicheng Hengsheng Casting Co Ltd,41.057478,122.8328
Optimus Steel LLC,750.0,1,1,1,,Optimus Steel Beaumont plant,30.08201,-94.074694
Empresa Siderurgica del Peru SAA,750.0,1,1,1,,Gerdau Siderperu Chimbote steel plant,-9.059693,-78.601178
Jiangsu Suxin Special Steel Co Ltd,750.0,1,1,1,11475374812.138918,Jiangsu Suxin Special Steel Group Co Ltd,31.400644,120.475103
Arcelormittal Warszawa SP zoo,750.0,1,1,1,,ArcelorMittal Warszawa steel plant,52.291337,20.917302
Global Steel Wire SA,750.0,1,1,1,,Celsa Global Steel Wire Santander plant,43.445344,-3.839228
Van Company for Industrial Investment and General Trading,750.0,1,1,1,,Van Steel Kurdistan plant,36.09176,43.97415
Xinjiang Kunyu Lron & Steel Co Ltd,750.0,1,1,1,499486217.0650745,Xinjiang Kunyu Iron and Steel Co Ltd,44.404189,84.966753
Jinzhou Jinxing Special Steel Co Ltd,740.0,1,1,1,549095770.045926,Jinzhou Jinxing Special Steel Company,41.188888,121.225043
Sidenor Aceros Especiales SLU,740.0,1,1,1,,Sidenor Aceros Especiales Basauri steel plant,43.227282,-2.884676
Kaavian Steel Co,735.0,1,1,1,,Kaavian Steel Khouzestan plant,31.283549,48.572468
Asil Celik Sanayi ve Ticaret AŞ,730.0,1,1,1,,Asil Celik Orhangazi steel plant,40.42752,29.270141
Chow Steel Industries PCL,730.0,1,1,1,,Chow Steel Kabinburi steel plant,14.074757,101.84215
Donelektrostal LLC,730.0,1,1,1,,Donelektrostal Shakhty steel plant,47.740352,40.18942
SIJ Acroni doo,726.0,1,1,1,,SIJ Acroni Jesenice steel plant,46.423994,14.094645
Vallourec Star LP,725.0,1,1,1,,Vallourec Star Youngstown steel plant,41.125495,-80.683382
Guangdong Yuedong Steel Co Ltd,720.0,1,1,1,10381673523.067602,Guangdong Yuedong Steel Co Ltd,23.711585,114.689761
Guangdong Daxing Iron & Steel Industrial Co Ltd,720.0,1,1,1,13690835436.783312,Guangdong Daxing Iron & Steel Industrial Co Ltd,23.529158,116.329247
Dongyuan Dongnan Industrial Co Ltd,720.0,1,1,1,24627219.044078365,Dongyuan Dongnan Industrial Co Ltd,24.038397,114.873435
Zijin County Dongri Foundry Co Ltd,720.0,1,1,1,12925770.443472354,Zijin County Dongri Casting Co Ltd,23.356612,114.769565
Stahl Gerlafingen AG,720.0,1,1,1,,Stahl Gerlafingen steel plant,47.171958,7.562287
Jiangyin Xicheng Steel Co Ltd,720.0,1,1,1,8256028173.465794,Jiangyin Xicheng Steel Co Ltd,31.892299,120.198394
Fujian Fuxin Special Steel Co Ltd,720.0,1,1,1,17250077612.688942,Fujian Fuxin Special Steel Co Ltd,24.472439,117.94885
Sam Montereau SAS,720.0,1,1,1,,Riva Sam Montereau steel plant,48.387211,2.981091
Univers Acier,720.0,1,1,1,,Univers Acier Sidi Hajjaj steel plant,33.501604,-7.467891
Fengshun County Agricultural Machinery Continuous Casting Co,720.0,1,1,1,453215982.2079722,Fengshun County Agricultural Machinery Continuous Casting Co,23.748318,116.13985
Fengshun Yongshun Continuous Casting Plant,720.0,1,1,1,453215982.2079722,Fengshun Yongshun Continuous Casting Plant,23.747173,116.126241
Shyeh Sheng Fuat Steel & Iron Works Co Ltd,720.0,1,1,1,,Shyeh Sheng Fuat Steel Kaohsiung steel plant,22.559391,120.3656132
Lianping County Huafeng Steel Co Ltd,720.0,1,1,1,271704400.55409884,Lianping Huafeng Steel Co Ltd,24.18435,114.728202
Fengshun County Hongbao Industrial Co Ltd,720.0,1,1,1,1404595.2279711333,Fengshun County Hongbao Industrial Co Ltd,23.720136,115.949449
NR Ispat and Power Pvt Ltd,712.0,1,1,1,155299189.2988411,N R Ispat and Power Raigarh steel plant,22.013086,83.330372
Orissa Sponge Iron and Steel Ltd,701.0,1,1,1,55597769.29395994,Orissa Sponge Iron and Steel plant,21.801994,85.56751
Dalmine SpA,700.0,1,1,1,,Tenaris Dalmine steel plant,45.641516,9.600242
Megasa Siderurgica SL,700.0,1,1,1,,Megasa Siderúrgica Narón steel plant,43.51421,-8.163839
ALPA - Aciéries et Laminoirs de Paris SAS,700.0,1,1,1,,Riva Alpa Gargenville steel plant,48.983515,1.76245
Zibo Qilin Fushan Steel Co Ltd,700.0,1,1,1,5698841287.0221615,Zibo Qilin Fushan Iron and Steel Co Ltd,36.887998,118.145416
Yun County Rongfeng Rolling Mill Factory,700.0,1,1,1,2868377109.874325,Shiyan Yunyang District Rongfeng Iron and Steel Co Ltd,32.738598,110.793269
Linyi Iron and Steel Investment Group Stainless Steel Co Ltd,700.0,1,1,1,238915176.01580334,Linyi Iron and Steel Investment Group Stainless Steel Co Ltd,35.148443,119.068015
Shiu Wing Steel Ltd,700.0,1,1,1,,Shiu Wing Tuen Mun Steel plant,22.369498,113.926095
Siderpotenza SpA,700.0,1,1,1,,Pittini Siderpotenza Potenza steel plant,40.639356,15.827842
Empresa Siderúrgica del Mutún SA,700.0,1,1,1,,ESM Mutún steel plant,-19.137325,-57.880605
Sohar Steel LLC,700.0,1,1,1,,Sohar Steel plant,24.499869,56.599111
LNM Group,700.0,1,1,1,,PT Ispat Indo steel plant,-7.3551286,112.7037297
Shaanxi Hanzhong Iron & Steel Group Co,700.0,1,1,1,554486726.9337088,Shaanxi Hanzhong Iron & Steel Group Company,33.132446,106.657646
Mukand Sumi Special Steel Ltd,700.0,1,1,1,208281204.80950305,Mukand Sumi Special Steel Hospet steel plant,15.328976,76.258613
Tangshan Yutian Jinzhou Industry Co Ltd,700.0,1,1,1,74159309.89730716,Tangshan Yutian Jinzhou Industrial Co Ltd,39.967373,117.857659
Yamato Steel Co Ltd,700.0,1,1,1,11107163158.787853,Yamato Steel Himeji Plant,34.783319,134.604616
Chongqing Yonghang Steel Group Co Ltd,700.0,1,1,1,476620864.0503676,Chongqing Yonghang Steel Group Co Ltd,29.836163,106.988138
Sıddık Kardeşler Haddecilik Sanayi Ticaret LŞ,690.0,1,1,1,,Siddik Kardesler Dilovasi steel plant,40.800833,29.512008
Ramsarup Industries Ltd,690.0,1,1,1,3789988245.8372393,Ramsarup Industries Kharagpur steel plant,22.977477,88.457443
Alton Steel Inc,680.0,1,1,1,,Alton Steel plant,38.884465,-90.14579
Bhagyalaxmi Metals Pvt Ltd,672.0,1,1,1,20100548.68457569,Bhagyalaxmi Metals Mul steel plant,20.088919,79.71792
Pan Gang Group Sichuan Changcheng Special Steel Co Ltd,669.0,1,1,1,2578998262.3683743,Pangang Group Jiangyou Changcheng Special Steel Co Ltd,31.763517,104.761441
Shakambhari Ispat & Power Ltd,660.0,1,1,1,740366725.9212388,Shakambhari Ispat and Power Purulia steel plant,23.613861,86.789527
Swiss Steel Holding AG,650.0,1,1,1,,Swiss Steel Emmenbrücke plant,47.308055,7.873594
Benteler Steel/Tube GmbH,650.0,1,1,1,,Benteler Steel Tube Lingen plant,52.467622,7.317169
Georgsmarienhuette GmbH,650.0,1,1,1,,Georgsmarienhütte Osnabrück steel plant,52.2122334,8.0420724
Sipar Aceros SA,650.0,1,1,1,,Gerdau Sipar Pérez steel plant,-32.9912336,-60.7588733
Ivaco Rolling Mills LP,650.0,1,1,1,,Ivaco Rolling Mills steel plant,45.613941,-74.704608
Al Qaryan Steel Co,650.0,1,1,1,,Al Qaryan steel plant,26.280741,49.956755
ORI Martin - Acciaieria e Ferriera di Brescia SpA,650.0,1,1,1,,Ori Martin Brescia steel plant,45.566054,10.2147
Guangdong Guixin Steel Co Ltd,630.0,1,1,1,1383225148.037752,Guangdong Guixin Steel Co Ltd,23.517109,113.106865
Gulf Tubing Co,630.0,1,1,1,,Gulf Tubing Company Ras Al-Khair steel plant,27.502041,49.189647
Lianyungang Huale Alloy Group Co Ltd,621.0,1,1,1,175014771.30063456,Lianyungang Huale Alloy Group Co Ltd,34.607964,119.447626
Huizhou Jushun Iron and Steel Plant,620.0,1,1,1,5079645602.338191,Huizhou Jushun Iron and Steel Plant,23.178652,114.279374
Heyuan Huacheng Metal Products Co Ltd,620.0,1,1,1,661354659.4113086,Heyuan Yuancheng Huafa Metal Products Co Ltd,23.56658,114.598993
Max Aicher GmbH & Co KG,620.0,1,1,1,,Max Aicher Slovakia Steel Mills Strazske,48.886028,21.82705
Fengshun Changsheng Precision Steel Casting Co Ltd,620.0,1,1,1,1746497357.0257854,Fengshun Changsheng Special Steel Casting Co Ltd Qingyuan Branch,23.507015,112.953822
Shyam Steel Manufacturing Ltd,616.0,1,1,1,675556161.7232339,Shyam Steel Mejia steel plant,23.564157,87.089552
BPA Metallics Pvt Ltd,613.0,1,1,1,400367384.08294696,BPA Metallics Raigarh steel plant,21.926993,83.374089
Ceylon Steel Co Ltd,600.0,1,1,1,,Lanwa Steel Hambantota steel plant,6.128077,81.075224
Tembo Steels Uganda Ltd,600.0,1,1,1,,Tembo Steels Iganga plant,0.611975,33.457629
Arabian Gulf Steel Industries Selling Port LLC,600.0,1,1,1,,Arabian Gulf Steel Industries Abu Dhabi plant,24.283335,54.463384
Sichuan Gangchen Stainless Steel Co Ltd,600.0,1,1,1,473439435.8729224,Sichuan Gangchen Stainless Steel Co Ltd,29.501044,103.607365
Atibir Industries Co Ltd,600.0,1,1,1,510655890.86209947,Atibir Industries Bhorandiha steel plant,24.145239,86.334999
Corrugados Getafe SL,600.0,1,1,1,,Grupo Gallardo Corrugados Getafe steel plant,40.310803,-3.703568
Fujian Dingxin Industry Co Ltd,600.0,1,1,1,11794218.386546498,Fujian Dingxin Industrial Co Ltd,26.7695,119.738519
Baotou Baoxin Special Steel Co Ltd,600.0,1,1,1,883833.8895358075,Baotou Baoxin Special Steel Co Ltd,41.362925,110.988771
Shiyan Fuyan Iron and Steel Co Ltd,600.0,1,1,1,111115982.9373292,Shiyan Fuyan Iron and Steel Co Ltd,32.650367,110.654794
Industrie Riunite Odolesi IRO SpA,600.0,1,1,1,,IRO Odolo steel plant,45.645688,10.374305
SN MAIA Siderurgia Nacional SA,600.0,1,1,1,,SN MAIA Siderurgia Nacional steel plant,41.255085,-8.555285
JSW Steel Italy Piombino SpA,600.0,1,1,1,,JSW Steel Piombino steel plant,42.93652,10.537794
Sarmad Iron and Steel Complex Abarkouh,600.0,1,1,1,,Sarmad Iron and Steel Complex Abarkouh,31.222989,53.392728
F&F Steel,600.0,1,1,1,,F&F Steel Erbil plant,36.113741,43.979714
Scaw Metals Group Pty Ltd,600.0,1,1,1,,Scaw Metals Group Germiston steel plant,-26.273316,28.163761
Kam Industries (Nigeria) Ltd,600.0,1,1,1,,Kam Industries Kwara steel plant,8.390993,4.674475
Government of Tunisia,600.0,1,1,1,,El Fouladh Steel Plant,37.13763,9.81281
E-Top Metal Co Ltd,600.0,1,1,1,,E Top Metal Changhua steel plant,24.167872,120.505482
Swadesh Metallics Pvt Ltd,600.0,1,1,1,194558399.93739942,Swadesh Metallics Simga steel plant,21.625706,81.705254
Deutsche Edelstahlwerke GmbH,600.0,1,1,1,,Deutsche Edelstahlwerke steel plant,50.922844,8.024006
Donalam SRL,600.0,1,1,1,,AFV Donalam Targoviste steel plant,44.904569,25.458124
Nakayama Steel Products Co Ltd,600.0,1,1,1,324278211589.9782,Nakayama Steel Products Osaka plant,34.699762,135.430119
TY Steel Co Ltd,600.0,1,1,1,,TY Steel Rayong plant,12.857307,101.21314
Aco Verde do Brasil SA,600.0,1,1,1,,AVB Açailândia steel plant,-4.874373,-47.4073517
Yichang Fulong Iron & Steel Co Ltd,600.0,1,1,1,3382709142.716387,Yichang Fulong Iron and Steel Co Ltd,30.586332,111.398846
Acciaierie di Calvisano SpA,600.0,1,1,1,,Feralpi Calvisano steel plant,45.371651,10.331967
Hai Kwang Enterprise Corp,600.0,1,1,1,,Hai Kwang Enterprise Kaohsiung steel plant,22.550634,120.365645
Shougang Guiyang SPECIAL Steel Co Ltd,600.0,1,1,1,264952407.92503846,Shougang Guiyang Special Steel Co Ltd,26.873592,106.73215
Dar Al Arkan Real Estate Development Company SJSC,600.0,1,1,1,,Arkan Steel Jeddah plant,21.524005,39.240633
Rio Tinto Iron and Titanium Canada Inc,600.0,1,1,1,,Rio Tinto Fer et Titane steel plant,46.044367,-73.138474
Mashiz Bardsir Steel Industries Co,600.0,1,1,1,,Mashiz Steel Industries Bardsir steel plant,29.948688,56.732593
Bangkok Steel Industry PCL,600.0,1,1,1,,Bangkok Steel Industry Samut Prakan steel plant,13.647672,100.553882
KIC Metaliks Ltd,598.0,1,1,1,1554639245.0040002,KIC Metaliks Durgapur steel plant,23.507539,87.277914
Mughal Iron & Steel Industries Ltd,583.0,1,1,1,,Mughal Iron & Steel Industries Lahore plant,31.653035,74.183149
Van Merksteijn International BV,580.0,1,1,1,,Van Merksteijn International steel plant,53.440581,6.844773
State Company for Iron and Steel (Iraq),580.0,1,1,1,,State Company for Iron & Steel Basra plant,30.2471634,47.832418
Fogang Dawei Special Steel Co Ltd,575.0,1,1,1,794462578.72561,"Fogang Dawei Special Steel Co., Ltd.",23.893972,113.500829
Inner Mongolia Wanzhou Special Steel Co Ltd,575.0,1,1,1,13833901.491643237,Inner Mongolia Wanzhou Special Steel Co Ltd,40.977329,110.022924
A. Finkl & Sons Corp,573.0,1,1,1,,Finkl Steel Chicago plant,41.724915,-87.589968
Nucor Steel Kingman LLC,572.0,1,1,1,,Nucor Steel Kingman plant,35.143192,-114.089568
Vietnam - Italy Steel JSC,552.0,1,1,1,,Vietnam Italy Steel Pho Noi steel plant,20.946428,106.025454
Sichuan Shehong Chuanzhong Construction Materials Co Ltd,550.0,1,1,1,442654217.20127475,Sichuan Shehong Chuanzhong Construction Materials Co Ltd,30.830726,105.367695
Makstil AD,550.0,1,1,1,,Makstil Skopje Steel plant,42.016228,21.46605
Iton Seine SAS,550.0,1,1,1,,Riva Iton Seine Bonnieres Sur Seine steel plant,49.033678,1.561022
Tuyen Quang Iron Steel Co Ltd,550.0,1,1,1,,Tuyen Quang Iron and Steel Long Binh steel plant,21.738739,105.247545
VNSTEEL Southern Steel Co Ltd,550.0,1,1,1,,VNSteel Southern Steel Phu My plant,10.576597,107.028995
Faizan Steel,548.0,1,1,1,,Faizan Steel Karachi steel plant,24.897652,66.985678
Hybar LLC,544.0,1,1,1,,Hybar Arkansas steel plant,35.686814,-89.961981
S.C. Silcotub SA,535.0,1,1,1,,Tenaris Silcotub Calarasi steel mill,44.217275,27.29968
Gerdau SA,530.0,1,1,1,,Gerdau Pindamonhangaba steel plant,-22.89918,-45.347726
Chongqing Pengcheng Steel Co Ltd,520.0,1,1,1,3649329774.430953,Chongqing Pengcheng Steel Co Ltd,29.259699,106.214031
Aceros AZA SA,520.0,1,1,1,,AZA Colina steel plant,-33.294729,-70.727881
Guangdong Yuehua Iron & Steel Group Co Ltd,520.0,1,1,1,386008960.44992363,Guangdong Yuehua Iron & Steel Group Co Ltd,24.275783,113.388896
Taishan Baofeng Iron & Steel Co Ltd,520.0,1,1,1,4190029623.921236,Taishan Baofeng Iron & Steel Co Ltd,22.425677,112.788855
Amir Kabir Arak Steel Co,513.0,1,1,1,,Amirkabir Arak Steel plant,34.083379,49.752451
KMK Tempo JSC,504.0,1,1,1,,Kamsky Metallurgical Works TEMPO,55.723465,52.541024
Krasnyi Oktyabr' Corporation JSC,501.0,1,1,1,,VMK Red October steel plant,48.754025,44.561004
Green Steel of WA Pty Ltd,500.0,2,1,1,,Green Steel of WA Collie Steel plant,-33.341998,116.239926
Ekos Steel Mill PLC,500.0,1,1,1,,Ekos Steel Dukem plant,8.781155,38.932065
Ada - Aceria De Angola SA,500.0,1,1,1,,Aceria Angola Bengo steel plant,-8.5824,13.405271
AFA Steel,500.0,1,1,1,,Amir Azerbaijan Steel plant,46.843697,46.843697
Delta Steel Mills Co,500.0,1,1,1,,Delta Steel Mill Al Qalyubia plant,30.11843,31.281264
Baosteel Special Metals Co Ltd,500.0,1,1,1,72345769161.90762,Baosteel Special Steel Co Ltd,31.379422,121.484652
Baobab Steel Ltd,500.0,1,1,1,,Tete Steel Maputo plant,-15.724345,33.762664
WISCO Group Xiangyang Heavy Equipment MATERIALS Co Ltd,500.0,1,1,1,6115679576.442959,WISCO Group Xiangyang Heavy Equipment Materials Co Ltd,32.10704,112.235621
Linyi Meide Gengchen Metal Materials Co Ltd,500.0,1,1,1,374021532.01611346,Linyi Meide Gengchen Metal Materials Co Ltd,35.188667,119.087048
Corporación AG SA,500.0,1,1,1,,AG Sidegua Masagua steel plant,14.232007,-90.815444
Megasider Zaragoza SA,500.0,1,1,1,,Megasider Zaragoza steel plant,41.56988,-0.856566
Huainan Hongtai Steel Limited Liability Co,500.0,1,1,1,4888696838.2685,Huainan Hongtai Iron and Steel Co Ltd,32.619248,116.905869
Sin Yuan Steel LLP,500.0,1,1,1,,Sin Yuan Steel Shymkent steel plant,42.272259,69.7261
VAS Steel Tue Minh JSC,500.0,1,1,1,,VAS Tue Minh Steel Binh Duong plant,11.113343,106.831064
Kishiwada Steel Co Ltd,500.0,1,1,1,38442254742.5372,Kishiwada Steel Osaka steel plant,34.477479,135.353918
VinMetal Joint Stock Company JSC,500.0,1,1,1,,VinMetal Ha Tinh steel plant,18.353226,105.903042
StavStal' LLC,500.0,1,1,1,,StavStal Metallurgical Plant,44.688323,41.927331
Jingdong Steel,500.0,1,1,1,,Jingdong Steel M'Sila steel plant,35.698361,4.478169
Guangdong Fogang Jincheng Metal Products Co Ltd,500.0,1,1,1,92889374.35438424,Guangdong Fogang Jincheng Metal Products Co Ltd,23.741965,113.502168
Guangdong Zhanhong Steel Plant,500.0,1,1,1,33770610.58382256,Guangdong Zhanhong Steel Plant,23.037858,114.970593
Zhejiang TSINGSHAN IRON&STEEL Co Ltd,500.0,1,1,1,1195110580.909999,Zhejiang Tsingshan Iron and Steel Co Ltd,28.136096,120.380401
Adhunik Metaliks Ltd,500.0,1,1,1,721177173.7528095,Adhunik Metaliks Kuanrmunda steel plant,22.308371,84.763584
Guangdong Yueshao Iron & Steel Co Ltd,500.0,1,1,1,2904267538.2436757,Guangdong Yueshao Iron & Steel Co Ltd,24.688355,113.657408
"Guangde Xinyuanda Metal Products Co., Ltd. Co Ltd",500.0,1,1,1,60598213.36689451,Anhui Lixin Special Steel Co Ltd,31.0494162,119.5296269
Jiangxi Yuanxing Iron and Steel Co Ltd,500.0,1,1,1,982532261.0660375,Jiangxi Yuanxing Iron and Steel Co Ltd,24.881098,114.802833
Acciaierie di Sicilia SpA,500.0,1,1,1,,Alfa Acciai Catania steel plant,37.438448,15.03287
VAS Steel An Hung Tuong LLC,500.0,1,1,1,,VAS An Hung Tuong Steel Binh Duong plant,11.054204,106.615962
Cognor Holding SA,500.0,1,1,1,,Ferrostal Labedy Gliwice steel plant,50.357438,18.610739
Ningbo Haoyang New MATERIALS Techonology Co Ltd,500.0,1,1,1,4420088191.603954,Ningbo Haoyang New Materials Techonology Co Ltd,30.267113,121.052503
Vardhman Special Steels Limited,500.0,1,1,1,2490777403.6033077,Vardhman Special Steels Ludhiana steel plant,30.890103,75.908673
Equest Steel Pty Ltd,500.0,1,1,1,,Alter Steel Pinkenba steel plant,-27.42083,153.127715
Asean Steel JSC,500.0,1,1,1,,ASEAN Steel Hoa Phu steel plant,12.59912,107.93922
Tianjin Rongcheng Group Tangshan Special Steel Co Ltd; Tangshan Zhengfeng Steel Co Ltd,500.0,1,1,1,2256673828.2882605,Tianjin Rongcheng Group Tangshan Fengrun Special Steel Co Ltd,39.85271,118.181279
Anhui Jin'an Stainless Steel Foundry Co Ltd,500.0,1,1,1,413630926.1177371,Anhui Jin an Stainless Steel Casting Co Ltd,31.763956,115.924372
Metalfer Steel Mill Sremska Mitrovica doo,500.0,1,1,1,,Metalfer Sremska Mitrovica steel plant,44.977213,19.64601
Hubei Dazhan Steel & Iron Co Ltd,500.0,1,1,1,600972460.8080096,Hubei Dazhan Iron and Steel Co Ltd,31.006752,113.754995
Lao Cai Cast Iron and Steel,500.0,1,1,1,,Lao Cai Cast Iron and Steel Tang Long plant,22.306931,104.12992
Viet Nhat Advanced Steel JSC,500.0,1,1,1,,Viet Nhat VJS Nam Cau Kien steel plant,20.90553,106.628701
Liaoyang Xinyi Special Steel Co Ltd,500.0,1,1,1,4381066890.384275,Liaoyang Xinyi Special Steel Co Ltd,41.225003,122.970488
GLGH Steel LLC,500.0,1,1,1,,GLGH Resita steel plant,45.293492,21.90241
Agha Steel Industries Ltd,450.0,1,1,1,,Agha Steel Industries Karachi plant,24.841851,67.310159
Jai Balaji Jyoti Steels Ltd,422.0,1,1,1,94945328.67570616,Jai Balaji Jyoti Steels Sundargarh plant,22.085338,84.86184
Myanmar Economic Corp,400.0,1,1,1,,Myingyan Myanmar steel plant,21.377652,95.372079
Ozmert Algeria SARL,390.0,1,1,1,,Ozmert Algeria steel plant,35.47858,-0.62139
Nilachal Iron & Power Ltd,299.0,1,1,1,631216996.6196955,Nilachal Iron & Power Gamharia steel plant,22.874863,86.063646
Chongqing Yuxi Iron & Steel (Group) Co Ltd,260.0,1,1,1,157576554.0679347,Chongqing Yuxi Iron & Steel (Group) Co Ltd,29.488759,105.862658
Linzhou Hexin Foundry Co Ltd,240.0,1,1,1,1250100343.4634068,Linzhou Hexin Foundry Co Ltd,36.112742,113.861135
Gostar Almas Steel Co,0.0,1,1,1,,Gostar Almas Steel Saqqez Plant,36.215731,46.499322
Progressive Green Solutions JV,0.0,1,1,1,,PGS Geraldton Green Iron Plant,-28.70725,114.900163
GravitHy,0.0,2,2,1,,GravitHy Fos sur Mer iron plant,43.436519,4.852576
Green Iron Magnetite Project,0.0,1,1,1,,Lincoln Minerals South Australia Green Iron Plant,-34.595209,135.84922
Nemo Industries Inc,0.0,1,1,1,,Nemo Industries Ironworks I,30.092838753017322,-90.9539266739139
Electrasteel Inc,0.0,1,1,1,,Electra iron plant,40.06301,-105.221982
Electrosteel Castings Ltd,0.0,1,1,1,142335900.08133274,Electrosteel Castings Srikalahasthi steel plant,13.717188,79.630588
Jiangsu Longyuan Steel Co Ltd,0.0,1,1,1,261090607.59518936,Jiangsu Longyuan Steel Co,34.538033,117.329589
Azerbaijan Metal Company LLC,0.0,1,1,1,,Azerbaijan Metal Company Shamkir HBI plant,40.8217502,46.0170067
Ahya Steel Folad Baft Co,0.0,1,1,1,,Ahya Steel Folad Baft Company DRI plant,29.289109,56.490707
GuangDong Xinxing Ductile Iron Pipes Co Ltd,0.0,1,1,1,126961940.125218,GuangDong Xinxing Ductile Iron Pipes Co Ltd,22.09914,111.665479
Stoylenskiy Gorno-Obogatitel'nyi Kombinat JSC,0.0,1,1,1,,NLMK Stoilensky iron plant,51.243964,37.783498
Berhard Development Corporation (Private) Ltd,0.0,1,1,1,,BER-PIG Iron and Steel Company Redcliff plant,-19.055102,29.782424
Mikhailovsky HBI LLC,0.0,1,1,1,,Metalloinvest Mikhailovsky HBI plant,52.360448,35.397314
Mesabi Mining LLC,0.0,1,1,1,,Mesabi Metallics Nashwuak HBI plant,47.383441,-93.219413
Mitsui-Kobe Steel JV,0.0,1,1,1,,Mitsui-Kobe Duqm DRI plant,19.529594,57.61573
Tekhnologicheskiye Investitsii LLC,0.0,1,1,1,,Donetsk Metallurgical Plant,47.982276,37.810634
Tata Metaliks Ltd,0.0,1,1,1,2985882028.961829,Tata Metaliks Kharagpur steel plant,22.385611,87.287179
Eurasian Resources Group SARL; China Baowu Steel Group Co Ltd,0.0,1,1,1,,ERG Baowu Rudny HBI plant,52.9775332,63.1825737
Iranian Ghadir Iron & Steel Co,0.0,1,1,1,,Ghadir Iron and Steel Plant Yazd,32.3912,53.7496
Changli Xingguo Precision Machinery Co Ltd,0.0,1,1,1,853581286.6142415,Changli Xingguo Precision Machinery Co Ltd,39.704921,118.897417
Companhia Siderurgica do Cuchi SA,0.0,1,1,1,,Companhia Siderurgica do Cuchi pig iron plant,-14.650166,16.925606
Antara Steel Mills Sdn Bhd,0.0,1,1,1,,Esteel Antara Labuan iron plant,5.253839,115.242717
Vale SA,0.0,1,1,1,,Vale Tecnored Marabá iron plant,-5.408654,-49.103539
Huangshi Xinxing Pipe Industry Co Ltd,0.0,1,1,1,4262753872.987659,"Huangshi Xinxing Pipe Industry Co., Ltd.",30.181393,114.944879
Hybrit Development AB,0.0,1,1,1,,HYBRIT Gallivare sponge iron plant,67.189096,20.720752
Lebedinskiy GOK JSC,0.0,1,1,1,,Lebedinsky GOK DRI Plant,51.261995,37.654622
Huarui (Handan) Casting & Pipe Co Ltd,0.0,1,1,1,1340340843.3454995,Huarui (Handan) Casting & Pipe Co Ltd,36.561049,114.102793
Esteel Enterprise Sabah Sdn Bhd,0.0,1,1,1,,Esteel Sabah steel plant,6.104211,116.202218
Briquetera del Orinoco CA,0.0,1,1,1,,CVG Briquetera del Orinoco DRI plant,8.274965,-62.819282
Mintal Group Co Ltd,0.0,1,1,1,38453234.3149022,Mintal Group DRI plant,41.7915,109.865367
Vedanta Iron and Steel Ltd,0.0,1,1,1,607137556.302787,Vedanta Sesa Goa Pig Iron Plant,15.526866,73.986671
Shanxi HUAQIANG Iron and Steel Co Ltd,0.0,1,1,1,402152281.1129497,Shanxi Huaqiang Iron and Steel Co Ltd,35.670848,111.378887
Shijiazhuang Hongsen Melting & Casting Co Ltd,0.0,1,1,1,945492196.1136818,Shijiazhuang Hongsen Melting & Casting Co Ltd,38.021527,114.916959
SMS Group GmbH,0.0,1,1,1,,SMS Group DRI Plant,26.787872,30.572474
Shougang Yili Iron & Steel Co Ltd,0.0,1,1,1,36347068.67769812,Shougang Yili Iron & Steel Co Ltd,43.528516,83.276706
Weining Hengchang Furnace Charge & Casting Co Ltd,0.0,1,1,1,21953226.651415624,Weining Hengchang Furnace Charge & Casting Co Ltd,26.783556,104.394517
Andrade Valladares Engenharia e Construcao Ltda,0.0,1,1,1,,Viena Açailândia iron works,-4.887877,-47.392157
Hebei Guanfeng Metallurgical Industry Co Ltd,0.0,1,1,1,2791499561.2492723,Hebei Guanfeng Metallurgical Industry Co Ltd,36.73422,114.111085
Hebei Jingdong Pipe Industry Co Ltd,0.0,1,1,1,177055102.2953652,Hebei Jingdong Pipe Industry Co Ltd,39.932656,118.836844
Hebei PROVINCE Longfengshan Casting Industry Co Ltd,0.0,1,1,1,2791499561.2492723,Hebei Longfengshan Casting Co Ltd,36.705105,114.105387
Fushun HANWANG Direct Reduced Iron Co Ltd,0.0,1,1,1,26636182.46122891,Fushun Hanking Direct Reduced Iron Co Ltd,41.670998,123.85143
Nu-Iron Unlimited,0.0,1,1,1,,Nu-Iron Unlimited Point Lisas DRI plant,10.399138,-61.486326
Corporacion Venezolana de Guayana,0.0,1,1,1,,CVG Briquetera del Caroní DRI plant,8.290142,-62.805419
Maegma Minerals Sdn Bhd,0.0,1,1,1,,Maegma Minerals Lumut HBI Plant,4.2405829,100.5949428
Matesi,0.0,1,1,1,,CVG Briquetera de Venezuela DRI plant,8.300159,-62.780136
Complejo Siderurgico de Guayana CA,0.0,1,1,1,,CVG Comsigua DRI plant,8.297662,-62.780149
Nucor Steel Louisiana LLC,0.0,1,1,1,,Nucor Steel Louisiana,30.076693,-90.859953
Wugang Zhongjia Iron & Steel Co Ltd,0.0,1,1,1,642394331.888709,Wugang Zhongjia Iron and Steel Co Ltd,33.29175,113.458011
CVG Ferrominera Orinoco CA,0.0,1,1,1,,CVG Ferrominera Orinoco DRI plant,8.33468,-62.728842
Persian Gulf Negin Steel,0.0,1,1,1,,Persian Gulf Negin Steel Khaf plant,34.475932,60.292146
Port Hedland Iron Pty Ltd,0.0,1,1,1,,POSCO Port Hedland Iron Project,-20.395832,118.537975
